"","longitude","latitude","Annual Mean Temperature","Mean Temperature of Warmest Quarter","Mean Temperature of Coldest Quarter","Annual Precipitation","Precipitation of Wettest Month","Precipitation of Driest Month","Precipitation Seasonality","Precipitation of Wettest Quarter","Precipitation of Driest Quarter","Precipitation of Warmest Quarter","Precipitation of Coldest Quarter","Mean Diurnal Range","Isothermality","Temperature Seasonality","Max Temperature of Warmest Month","Min Temperature of Coldest Month","Temperature Annual Range","Mean Temperature of Wettest Quarter","Mean Temperature of Driest Quarter"
"1",-82.6,35.5,12.6791667938232,21.7000007629395,3.33333349227905,1281,130,87,11.5451097488403,345,283,341,312,13.2583332061768,40.5453643798828,742.879699707031,28.8999996185303,-3.79999995231628,32.7000007629395,4.73333358764648,13.3500003814697
"2",-82.6,35.5,12.6791667938232,21.7000007629395,3.33333349227905,1281,130,87,11.5451097488403,345,283,341,312,13.2583332061768,40.5453643798828,742.879699707031,28.8999996185303,-3.79999995231628,32.7000007629395,4.73333358764648,13.3500003814697
"3",-82.6,35.5,12.6791667938232,21.7000007629395,3.33333349227905,1281,130,87,11.5451097488403,345,283,341,312,13.2583332061768,40.5453643798828,742.879699707031,28.8999996185303,-3.79999995231628,32.7000007629395,4.73333358764648,13.3500003814697
"4",-82.6,35.5,12.6791667938232,21.7000007629395,3.33333349227905,1281,130,87,11.5451097488403,345,283,341,312,13.2583332061768,40.5453643798828,742.879699707031,28.8999996185303,-3.79999995231628,32.7000007629395,4.73333358764648,13.3500003814697
"5",-82.6,35.5,12.6791667938232,21.7000007629395,3.33333349227905,1281,130,87,11.5451097488403,345,283,341,312,13.2583332061768,40.5453643798828,742.879699707031,28.8999996185303,-3.79999995231628,32.7000007629395,4.73333358764648,13.3500003814697
"6",19.51805,49.586231,3.58750009536743,11.7666664123535,-4.40000009536743,1271,168,69,34.6820487976074,482,214,482,232,8.39166641235352,32.4002571105957,665.627258300781,17.5,-8.39999961853027,25.8999996185303,11.7666664123535,-3.78333330154419
"7",-43.354153,-22.535789,18.7749996185303,21.5499992370605,16.0666656494141,1716,261,47,56.646484375,741,161,704,161,10.283332824707,59.7868232727051,221.210525512695,26.8999996185303,9.69999980926514,17.2000007629395,21.3833332061768,16.0666656494141
"8",-75.836398,78.870415,-15.3208332061768,2,-30.1333332061768,134,28,3,75.2348403930664,74,9,66,9,5.02500009536743,12.6893939971924,1320.01281738281,6.19999980926514,-33.4000015258789,39.6000022888184,0.266666650772095,-30.1333332061768
"9",-75.836398,78.870415,-15.3208332061768,2,-30.1333332061768,134,28,3,75.2348403930664,74,9,66,9,5.02500009536743,12.6893939971924,1320.01281738281,6.19999980926514,-33.4000015258789,39.6000022888184,0.266666650772095,-30.1333332061768
"10",-75.836398,78.870415,-15.3208332061768,2,-30.1333332061768,134,28,3,75.2348403930664,74,9,66,9,5.02500009536743,12.6893939971924,1320.01281738281,6.19999980926514,-33.4000015258789,39.6000022888184,0.266666650772095,-30.1333332061768
"11",-105.386897,39.99924,6.14166688919067,15.966667175293,-2.48333311080933,446,59,18,37.9823684692383,162,60,154,60,16.0499992370605,43.8524589538574,758.388916015625,26.2000007629395,-10.3999996185303,36.5999984741211,13.5833339691162,-2.48333311080933
"12",-75.713056,55.034722,-2.93333339691162,12.7666664123535,-19.966667175293,665,100,22,49.3621520996094,274,76,239,100,7.88333320617676,17.4025020599365,1344.95751953125,18.7999992370605,-26.5,45.2999992370605,11.4166660308838,-14.25
"13",-75.713056,55.034722,-2.93333339691162,12.7666664123535,-19.966667175293,665,100,22,49.3621520996094,274,76,239,100,7.88333320617676,17.4025020599365,1344.95751953125,18.7999992370605,-26.5,45.2999992370605,11.4166660308838,-14.25
"14",-75.713056,55.034722,-2.93333339691162,12.7666664123535,-19.966667175293,665,100,22,49.3621520996094,274,76,239,100,7.88333320617676,17.4025020599365,1344.95751953125,18.7999992370605,-26.5,45.2999992370605,11.4166660308838,-14.25
"15",140.85,40.65,5.21666669845581,16.8166656494141,-5.96666669845581,1488,187,84,27.9032096862793,533,273,533,287,7.21666669845581,22.0693168640137,937.339904785156,22.5,-10.1999998092651,32.7000007629395,16.8166656494141,-5.78333330154419
"16",7.798809,58.497505,6.05833339691162,14.6333332061768,-1.94999992847443,1615,199,71,32.7518844604492,570,253,322,449,6.83333349227905,27.2244358062744,673.20751953125,19.8999996185303,-5.19999980926514,25.0999984741211,6.59999990463257,9.28333282470703
"17",-71,-39,7.22916650772095,13.3000001907349,1.19999992847443,795,149,16,67.320686340332,393,67,67,379,13.9916667938232,52.9987373352051,488.324859619141,23,-3.40000009536743,26.3999996185303,2,13.3000001907349
"18",11.45,46.18,2.40833330154419,10.0333337783813,-4.33333349227905,548,74,20,45.5516586303711,216,62,216,62,5.88333320617676,26.501501083374,601.38037109375,14.6000003814697,-7.59999990463257,22.2000007629395,10.0333337783813,-4.33333349227905
"19",-123.437945,48.609174,9.4791669845581,15.7333335876465,3.84999990463257,956,161,20,67.1283264160156,474,78,78,417,7.87499952316284,37.1462249755859,492.375762939453,21.8999996185303,0.699999988079071,21.1999988555908,4.28333330154419,15.7333335876465
"20",170.45,-43.066667,11.5458335876465,15.5666666030884,7.23333311080933,2702,299,146,19.3702983856201,825,557,557,620,9.32499980926514,48.5677070617676,337.069305419922,20.6000003814697,1.39999997615814,19.2000007629395,12.8499994277954,15.5666666030884
"21",-84.794525,10.30418,18.1208343505859,19.1000003814697,17.2333335876465,2617,410,24,62.743724822998,1138,148,336,492,9.02499961853027,74.5867767333984,77.2674789428711,24.3999996185303,12.3000001907349,12.0999994277954,18,18.533332824707
"22",-84.794525,10.30418,18.1208343505859,19.1000003814697,17.2333335876465,2617,410,24,62.743724822998,1138,148,336,492,9.02499961853027,74.5867767333984,77.2674789428711,24.3999996185303,12.3000001907349,12.0999994277954,18,18.533332824707
"23",-4.4,41.5,11.3666667938232,19.75,3.91666674613953,417,51,16,33.4842185974121,135,59,71,119,11.5166664123535,38.7766571044922,649.455444335938,28.7999992370605,-0.899999976158142,29.6999988555908,7.53333330154419,19.6166667938232
"24",-4.6,40.3,13.5291662216187,21.7333335876465,6.38333320617676,349,41,11,34.3250579833984,114,47,52,95,10.375,36.9217071533203,632.133666992188,29.5,1.39999997615814,28.1000003814697,9.86666679382324,21.6666660308838
"25",-0.4,42.2,14.1000003814697,22.9333343505859,6.18333339691162,561,64,22,24.6685218811035,168,114,114,127,10.6166667938232,35.5072441101074,684.553588867188,31.6000003814697,1.70000004768372,29.8999996185303,16.2333335876465,22.9333343505859
"26",-0.8,42.9,7.04583358764648,14.7833337783813,0.333333343267441,1078,112,53,21.4445667266846,321,188,188,303,9.30833339691162,35.8012847900391,595.274780273438,22.3999996185303,-3.59999990463257,26,1.39999997615814,14.7833337783813
"27",-4.4,41.5,11.3666667938232,19.75,3.91666674613953,417,51,16,33.4842185974121,135,59,71,119,11.5166664123535,38.7766571044922,649.455444335938,28.7999992370605,-0.899999976158142,29.6999988555908,7.53333330154419,19.6166667938232
"28",-4.6,40.3,13.5291662216187,21.7333335876465,6.38333320617676,349,41,11,34.3250579833984,114,47,52,95,10.375,36.9217071533203,632.133666992188,29.5,1.39999997615814,28.1000003814697,9.86666679382324,21.6666660308838
"29",-0.4,42.2,14.1000003814697,22.9333343505859,6.18333339691162,561,64,22,24.6685218811035,168,114,114,127,10.6166667938232,35.5072441101074,684.553588867188,31.6000003814697,1.70000004768372,29.8999996185303,16.2333335876465,22.9333343505859
"30",-0.8,42.9,7.04583358764648,14.7833337783813,0.333333343267441,1078,112,53,21.4445667266846,321,188,188,303,9.30833339691162,35.8012847900391,595.274780273438,22.3999996185303,-3.59999990463257,26,1.39999997615814,14.7833337783813
"31",-4.4,41.5,11.3666667938232,19.75,3.91666674613953,417,51,16,33.4842185974121,135,59,71,119,11.5166664123535,38.7766571044922,649.455444335938,28.7999992370605,-0.899999976158142,29.6999988555908,7.53333330154419,19.6166667938232
"32",-4.6,40.3,13.5291662216187,21.7333335876465,6.38333320617676,349,41,11,34.3250579833984,114,47,52,95,10.375,36.9217071533203,632.133666992188,29.5,1.39999997615814,28.1000003814697,9.86666679382324,21.6666660308838
"33",-0.4,42.2,14.1000003814697,22.9333343505859,6.18333339691162,561,64,22,24.6685218811035,168,114,114,127,10.6166667938232,35.5072441101074,684.553588867188,31.6000003814697,1.70000004768372,29.8999996185303,16.2333335876465,22.9333343505859
"34",-0.8,42.9,7.04583358764648,14.7833337783813,0.333333343267441,1078,112,53,21.4445667266846,321,188,188,303,9.30833339691162,35.8012847900391,595.274780273438,22.3999996185303,-3.59999990463257,26,1.39999997615814,14.7833337783813
"35",-4.4,41.5,11.3666667938232,19.75,3.91666674613953,417,51,16,33.4842185974121,135,59,71,119,11.5166664123535,38.7766571044922,649.455444335938,28.7999992370605,-0.899999976158142,29.6999988555908,7.53333330154419,19.6166667938232
"36",-4.6,40.3,13.5291662216187,21.7333335876465,6.38333320617676,349,41,11,34.3250579833984,114,47,52,95,10.375,36.9217071533203,632.133666992188,29.5,1.39999997615814,28.1000003814697,9.86666679382324,21.6666660308838
"37",-0.4,42.2,14.1000003814697,22.9333343505859,6.18333339691162,561,64,22,24.6685218811035,168,114,114,127,10.6166667938232,35.5072441101074,684.553588867188,31.6000003814697,1.70000004768372,29.8999996185303,16.2333335876465,22.9333343505859
"38",-0.8,42.9,7.04583358764648,14.7833337783813,0.333333343267441,1078,112,53,21.4445667266846,321,188,188,303,9.30833339691162,35.8012847900391,595.274780273438,22.3999996185303,-3.59999990463257,26,1.39999997615814,14.7833337783813
"39",-4.4,41.5,11.3666667938232,19.75,3.91666674613953,417,51,16,33.4842185974121,135,59,71,119,11.5166664123535,38.7766571044922,649.455444335938,28.7999992370605,-0.899999976158142,29.6999988555908,7.53333330154419,19.6166667938232
"40",-4.6,40.3,13.5291662216187,21.7333335876465,6.38333320617676,349,41,11,34.3250579833984,114,47,52,95,10.375,36.9217071533203,632.133666992188,29.5,1.39999997615814,28.1000003814697,9.86666679382324,21.6666660308838
"41",-0.4,42.2,14.1000003814697,22.9333343505859,6.18333339691162,561,64,22,24.6685218811035,168,114,114,127,10.6166667938232,35.5072441101074,684.553588867188,31.6000003814697,1.70000004768372,29.8999996185303,16.2333335876465,22.9333343505859
"42",-0.8,42.9,7.04583358764648,14.7833337783813,0.333333343267441,1078,112,53,21.4445667266846,321,188,188,303,9.30833339691162,35.8012847900391,595.274780273438,22.3999996185303,-3.59999990463257,26,1.39999997615814,14.7833337783813
"43",-4.4,41.5,11.3666667938232,19.75,3.91666674613953,417,51,16,33.4842185974121,135,59,71,119,11.5166664123535,38.7766571044922,649.455444335938,28.7999992370605,-0.899999976158142,29.6999988555908,7.53333330154419,19.6166667938232
"44",-4.6,40.3,13.5291662216187,21.7333335876465,6.38333320617676,349,41,11,34.3250579833984,114,47,52,95,10.375,36.9217071533203,632.133666992188,29.5,1.39999997615814,28.1000003814697,9.86666679382324,21.6666660308838
"45",-0.4,42.2,14.1000003814697,22.9333343505859,6.18333339691162,561,64,22,24.6685218811035,168,114,114,127,10.6166667938232,35.5072441101074,684.553588867188,31.6000003814697,1.70000004768372,29.8999996185303,16.2333335876465,22.9333343505859
"46",-0.8,42.9,7.04583358764648,14.7833337783813,0.333333343267441,1078,112,53,21.4445667266846,321,188,188,303,9.30833339691162,35.8012847900391,595.274780273438,22.3999996185303,-3.59999990463257,26,1.39999997615814,14.7833337783813
"47",-4.4,41.5,11.3666667938232,19.75,3.91666674613953,417,51,16,33.4842185974121,135,59,71,119,11.5166664123535,38.7766571044922,649.455444335938,28.7999992370605,-0.899999976158142,29.6999988555908,7.53333330154419,19.6166667938232
"48",-4.6,40.3,13.5291662216187,21.7333335876465,6.38333320617676,349,41,11,34.3250579833984,114,47,52,95,10.375,36.9217071533203,632.133666992188,29.5,1.39999997615814,28.1000003814697,9.86666679382324,21.6666660308838
"49",-0.4,42.2,14.1000003814697,22.9333343505859,6.18333339691162,561,64,22,24.6685218811035,168,114,114,127,10.6166667938232,35.5072441101074,684.553588867188,31.6000003814697,1.70000004768372,29.8999996185303,16.2333335876465,22.9333343505859
"50",-0.8,42.9,7.04583358764648,14.7833337783813,0.333333343267441,1078,112,53,21.4445667266846,321,188,188,303,9.30833339691162,35.8012847900391,595.274780273438,22.3999996185303,-3.59999990463257,26,1.39999997615814,14.7833337783813
"51",-4.506389,41.336667,12.0249996185303,20.2999992370605,4.59999990463257,392,47,14,33.2772903442383,127,58,65,111,12.1333332061768,40.5797119140625,643.942077636719,29.5,-0.400000005960464,29.8999996185303,8.14999961853027,20.1499996185303
"52",-4.957222,41.504722,12.3541669845581,20.283332824707,5.15000009536743,426,51,17,32.5743675231934,143,65,68,127,11.9416666030884,40.7565422058105,622.770385742188,29.3999996185303,0.100000001490116,29.2999992370605,5.78333330154419,20.283332824707
"53",-4.575833,41.426389,11.6708335876465,20,4.25,420,50,16,33.2912178039551,138,62,70,121,11.8583335876465,39.6599769592285,647.5810546875,29.2000007629395,-0.699999988079071,29.9000015258789,4.86666679382324,19.9333343505859
"54",-4.724167,41.490556,12.2291669845581,20.5,4.78333330154419,409,49,16,32.6681251525879,136,63,70,119,12.1750001907349,40.1815185546875,643.670104980469,30.1000003814697,-0.200000002980232,30.3000011444092,5.43333339691162,20.3500003814697
"55",-5.057222,41.4425,12.2583332061768,20.2333335876465,5.05000019073486,428,51,16,33.0016059875488,143,63,68,129,11.8833332061768,40.4195022583008,624.335388183594,29.3999996185303,0,29.3999996185303,5.68333339691162,20.1833324432373
"56",-4.506389,41.336667,12.0249996185303,20.2999992370605,4.59999990463257,392,47,14,33.2772903442383,127,58,65,111,12.1333332061768,40.5797119140625,643.942077636719,29.5,-0.400000005960464,29.8999996185303,8.14999961853027,20.1499996185303
"57",-4.957222,41.504722,12.3541669845581,20.283332824707,5.15000009536743,426,51,17,32.5743675231934,143,65,68,127,11.9416666030884,40.7565422058105,622.770385742188,29.3999996185303,0.100000001490116,29.2999992370605,5.78333330154419,20.283332824707
"58",-4.575833,41.426389,11.6708335876465,20,4.25,420,50,16,33.2912178039551,138,62,70,121,11.8583335876465,39.6599769592285,647.5810546875,29.2000007629395,-0.699999988079071,29.9000015258789,4.86666679382324,19.9333343505859
"59",-4.724167,41.490556,12.2291669845581,20.5,4.78333330154419,409,49,16,32.6681251525879,136,63,70,119,12.1750001907349,40.1815185546875,643.670104980469,30.1000003814697,-0.200000002980232,30.3000011444092,5.43333339691162,20.3500003814697
"60",-5.057222,41.4425,12.2583332061768,20.2333335876465,5.05000019073486,428,51,16,33.0016059875488,143,63,68,129,11.8833332061768,40.4195022583008,624.335388183594,29.3999996185303,0,29.3999996185303,5.68333339691162,20.1833324432373
"61",-4.506389,41.336667,12.0249996185303,20.2999992370605,4.59999990463257,392,47,14,33.2772903442383,127,58,65,111,12.1333332061768,40.5797119140625,643.942077636719,29.5,-0.400000005960464,29.8999996185303,8.14999961853027,20.1499996185303
"62",-4.957222,41.504722,12.3541669845581,20.283332824707,5.15000009536743,426,51,17,32.5743675231934,143,65,68,127,11.9416666030884,40.7565422058105,622.770385742188,29.3999996185303,0.100000001490116,29.2999992370605,5.78333330154419,20.283332824707
"63",-4.575833,41.426389,11.6708335876465,20,4.25,420,50,16,33.2912178039551,138,62,70,121,11.8583335876465,39.6599769592285,647.5810546875,29.2000007629395,-0.699999988079071,29.9000015258789,4.86666679382324,19.9333343505859
"64",-4.724167,41.490556,12.2291669845581,20.5,4.78333330154419,409,49,16,32.6681251525879,136,63,70,119,12.1750001907349,40.1815185546875,643.670104980469,30.1000003814697,-0.200000002980232,30.3000011444092,5.43333339691162,20.3500003814697
"65",-5.057222,41.4425,12.2583332061768,20.2333335876465,5.05000019073486,428,51,16,33.0016059875488,143,63,68,129,11.8833332061768,40.4195022583008,624.335388183594,29.3999996185303,0,29.3999996185303,5.68333339691162,20.1833324432373
"66",-4.506389,41.336667,12.0249996185303,20.2999992370605,4.59999990463257,392,47,14,33.2772903442383,127,58,65,111,12.1333332061768,40.5797119140625,643.942077636719,29.5,-0.400000005960464,29.8999996185303,8.14999961853027,20.1499996185303
"67",-4.957222,41.504722,12.3541669845581,20.283332824707,5.15000009536743,426,51,17,32.5743675231934,143,65,68,127,11.9416666030884,40.7565422058105,622.770385742188,29.3999996185303,0.100000001490116,29.2999992370605,5.78333330154419,20.283332824707
"68",-4.575833,41.426389,11.6708335876465,20,4.25,420,50,16,33.2912178039551,138,62,70,121,11.8583335876465,39.6599769592285,647.5810546875,29.2000007629395,-0.699999988079071,29.9000015258789,4.86666679382324,19.9333343505859
"69",-4.724167,41.490556,12.2291669845581,20.5,4.78333330154419,409,49,16,32.6681251525879,136,63,70,119,12.1750001907349,40.1815185546875,643.670104980469,30.1000003814697,-0.200000002980232,30.3000011444092,5.43333339691162,20.3500003814697
"70",-5.057222,41.4425,12.2583332061768,20.2333335876465,5.05000019073486,428,51,16,33.0016059875488,143,63,68,129,11.8833332061768,40.4195022583008,624.335388183594,29.3999996185303,0,29.3999996185303,5.68333339691162,20.1833324432373
"71",-4.506389,41.336667,12.0249996185303,20.2999992370605,4.59999990463257,392,47,14,33.2772903442383,127,58,65,111,12.1333332061768,40.5797119140625,643.942077636719,29.5,-0.400000005960464,29.8999996185303,8.14999961853027,20.1499996185303
"72",-4.957222,41.504722,12.3541669845581,20.283332824707,5.15000009536743,426,51,17,32.5743675231934,143,65,68,127,11.9416666030884,40.7565422058105,622.770385742188,29.3999996185303,0.100000001490116,29.2999992370605,5.78333330154419,20.283332824707
"73",-4.575833,41.426389,11.6708335876465,20,4.25,420,50,16,33.2912178039551,138,62,70,121,11.8583335876465,39.6599769592285,647.5810546875,29.2000007629395,-0.699999988079071,29.9000015258789,4.86666679382324,19.9333343505859
"74",-4.724167,41.490556,12.2291669845581,20.5,4.78333330154419,409,49,16,32.6681251525879,136,63,70,119,12.1750001907349,40.1815185546875,643.670104980469,30.1000003814697,-0.200000002980232,30.3000011444092,5.43333339691162,20.3500003814697
"75",-5.057222,41.4425,12.2583332061768,20.2333335876465,5.05000019073486,428,51,16,33.0016059875488,143,63,68,129,11.8833332061768,40.4195022583008,624.335388183594,29.3999996185303,0,29.3999996185303,5.68333339691162,20.1833324432373
"76",-4.084167,41.341667,11.470832824707,19.9833335876465,3.83333349227905,417,51,16,31.9848861694336,132,61,70,116,11.6916666030884,39.1025657653809,661.425659179688,28.7999992370605,-1.10000002384186,29.8999996185303,7.5499997138977,19.8500003814697
"77",-4.084167,41.341667,11.470832824707,19.9833335876465,3.83333349227905,417,51,16,31.9848861694336,132,61,70,116,11.6916666030884,39.1025657653809,661.425659179688,28.7999992370605,-1.10000002384186,29.8999996185303,7.5499997138977,19.8500003814697
"78",-121.55,36.383333,12.9375,18.4500007629395,8.51666641235352,671,129,2,91.0399627685547,356,9,15,356,14.2250003814697,56.0039367675781,410.327606201172,27.5,2.09999990463257,25.3999996185303,8.80000019073486,17.6000003814697
"79",-121.55,36.383333,12.9375,18.4500007629395,8.51666641235352,671,129,2,91.0399627685547,356,9,15,356,14.2250003814697,56.0039367675781,410.327606201172,27.5,2.09999990463257,25.3999996185303,8.80000019073486,17.6000003814697
"80",-121.55,36.383333,12.9375,18.4500007629395,8.51666641235352,671,129,2,91.0399627685547,356,9,15,356,14.2250003814697,56.0039367675781,410.327606201172,27.5,2.09999990463257,25.3999996185303,8.80000019073486,17.6000003814697
"81",-121.55,36.383333,12.9375,18.4500007629395,8.51666641235352,671,129,2,91.0399627685547,356,9,15,356,14.2250003814697,56.0039367675781,410.327606201172,27.5,2.09999990463257,25.3999996185303,8.80000019073486,17.6000003814697
"82",-121.55,36.383333,12.9375,18.4500007629395,8.51666641235352,671,129,2,91.0399627685547,356,9,15,356,14.2250003814697,56.0039367675781,410.327606201172,27.5,2.09999990463257,25.3999996185303,8.80000019073486,17.6000003814697
"83",-121.55,36.383333,12.9375,18.4500007629395,8.51666641235352,671,129,2,91.0399627685547,356,9,15,356,14.2250003814697,56.0039367675781,410.327606201172,27.5,2.09999990463257,25.3999996185303,8.80000019073486,17.6000003814697
"84",-121.55,36.383333,12.9375,18.4500007629395,8.51666641235352,671,129,2,91.0399627685547,356,9,15,356,14.2250003814697,56.0039367675781,410.327606201172,27.5,2.09999990463257,25.3999996185303,8.80000019073486,17.6000003814697
"85",-121.55,36.383333,12.9375,18.4500007629395,8.51666641235352,671,129,2,91.0399627685547,356,9,15,356,14.2250003814697,56.0039367675781,410.327606201172,27.5,2.09999990463257,25.3999996185303,8.80000019073486,17.6000003814697
"86",-121.55,36.383333,12.9375,18.4500007629395,8.51666641235352,671,129,2,91.0399627685547,356,9,15,356,14.2250003814697,56.0039367675781,410.327606201172,27.5,2.09999990463257,25.3999996185303,8.80000019073486,17.6000003814697
"87",-121.55,36.383333,12.9375,18.4500007629395,8.51666641235352,671,129,2,91.0399627685547,356,9,15,356,14.2250003814697,56.0039367675781,410.327606201172,27.5,2.09999990463257,25.3999996185303,8.80000019073486,17.6000003814697
"88",-121.55,36.383333,12.9375,18.4500007629395,8.51666641235352,671,129,2,91.0399627685547,356,9,15,356,14.2250003814697,56.0039367675781,410.327606201172,27.5,2.09999990463257,25.3999996185303,8.80000019073486,17.6000003814697
"89",-121.55,36.383333,12.9375,18.4500007629395,8.51666641235352,671,129,2,91.0399627685547,356,9,15,356,14.2250003814697,56.0039367675781,410.327606201172,27.5,2.09999990463257,25.3999996185303,8.80000019073486,17.6000003814697
"90",-121.55,36.383333,12.9375,18.4500007629395,8.51666641235352,671,129,2,91.0399627685547,356,9,15,356,14.2250003814697,56.0039367675781,410.327606201172,27.5,2.09999990463257,25.3999996185303,8.80000019073486,17.6000003814697
"91",-121.55,36.383333,12.9375,18.4500007629395,8.51666641235352,671,129,2,91.0399627685547,356,9,15,356,14.2250003814697,56.0039367675781,410.327606201172,27.5,2.09999990463257,25.3999996185303,8.80000019073486,17.6000003814697
"92",-121.55,36.383333,12.9375,18.4500007629395,8.51666641235352,671,129,2,91.0399627685547,356,9,15,356,14.2250003814697,56.0039367675781,410.327606201172,27.5,2.09999990463257,25.3999996185303,8.80000019073486,17.6000003814697
"93",-121.55,36.383333,12.9375,18.4500007629395,8.51666641235352,671,129,2,91.0399627685547,356,9,15,356,14.2250003814697,56.0039367675781,410.327606201172,27.5,2.09999990463257,25.3999996185303,8.80000019073486,17.6000003814697
"94",-121.55,36.383333,12.9375,18.4500007629395,8.51666641235352,671,129,2,91.0399627685547,356,9,15,356,14.2250003814697,56.0039367675781,410.327606201172,27.5,2.09999990463257,25.3999996185303,8.80000019073486,17.6000003814697
"95",-121.55,36.383333,12.9375,18.4500007629395,8.51666641235352,671,129,2,91.0399627685547,356,9,15,356,14.2250003814697,56.0039367675781,410.327606201172,27.5,2.09999990463257,25.3999996185303,8.80000019073486,17.6000003814697
"96",-121.55,36.383333,12.9375,18.4500007629395,8.51666641235352,671,129,2,91.0399627685547,356,9,15,356,14.2250003814697,56.0039367675781,410.327606201172,27.5,2.09999990463257,25.3999996185303,8.80000019073486,17.6000003814697
"97",-121.55,36.383333,12.9375,18.4500007629395,8.51666641235352,671,129,2,91.0399627685547,356,9,15,356,14.2250003814697,56.0039367675781,410.327606201172,27.5,2.09999990463257,25.3999996185303,8.80000019073486,17.6000003814697
"98",-2.329579,38.377741,12.6916666030884,22.4833335876465,4.65000009536743,446,54,8,41.7697715759277,155,42,47,140,13.4499998092651,39.4428176879883,736.807678222656,33.0999984741211,-1,34.0999984741211,8.40000057220459,22.2666664123535
"99",-1.659697,38.23284,15.5041666030884,24.2999992370605,7.90000009536743,334,44,7,38.5021743774414,111,39,39,87,13.1916666030884,41.2239608764648,677.87255859375,33.5999984741211,1.60000002384186,31.9999980926514,11.6499996185303,24.2999992370605
"100",5.343889,44.118056,8.30416679382324,16.1333332061768,1.45000004768372,1117,135,44,26.0883560180664,363,191,191,285,9.02499961853027,35.1167297363281,609.330688476562,23.1000003814697,-2.59999990463257,25.7000007629395,5.16666698455811,16.1333332061768
"101",5.343889,44.118056,8.30416679382324,16.1333332061768,1.45000004768372,1117,135,44,26.0883560180664,363,191,191,285,9.02499961853027,35.1167297363281,609.330688476562,23.1000003814697,-2.59999990463257,25.7000007629395,5.16666698455811,16.1333332061768
"102",-138.24,61.01,-2.86249995231628,10.716667175293,-17.2333335876465,373,57,14,41.5729026794434,150,48,150,73,11.7416667938232,27.8238544464111,1146.82397460938,18.3999996185303,-23.7999992370605,42.1999969482422,10.716667175293,-8.8333330154419
"103",-138.24,61.01,-2.86249995231628,10.716667175293,-17.2333335876465,373,57,14,41.5729026794434,150,48,150,73,11.7416667938232,27.8238544464111,1146.82397460938,18.3999996185303,-23.7999992370605,42.1999969482422,10.716667175293,-8.8333330154419
"104",-138.24,61.01,-2.86249995231628,10.716667175293,-17.2333335876465,373,57,14,41.5729026794434,150,48,150,73,11.7416667938232,27.8238544464111,1146.82397460938,18.3999996185303,-23.7999992370605,42.1999969482422,10.716667175293,-8.8333330154419
"105",-138.24,61.01,-2.86249995231628,10.716667175293,-17.2333335876465,373,57,14,41.5729026794434,150,48,150,73,11.7416667938232,27.8238544464111,1146.82397460938,18.3999996185303,-23.7999992370605,42.1999969482422,10.716667175293,-8.8333330154419
"106",13.731306,55.496794,7.6749997138977,15.7166662216187,0.366666615009308,671,70,38,21.1559829711914,207,124,178,159,6.64999961853027,28.4188041687012,632.504028320312,20.8999996185303,-2.5,23.3999996185303,8.46666717529297,2.51666665077209
"107",12.842793,56.859459,6.57083320617676,14.7333335876465,-0.96666669845581,1073,114,56,22.9219856262207,328,188,277,280,7.60833311080933,30.6787624359131,643.426391601562,20.5,-4.30000019073486,24.7999992370605,7.1666669845581,5.34999990463257
"108",13.217318,56.552402,6.70416688919067,14.8666667938232,-0.833333373069763,1073,112,56,21.5001163482666,317,197,291,271,7.77500009536743,31.1000003814697,643.9560546875,20.6000003814697,-4.40000009536743,25,3.56666660308838,5.59999990463257
"109",13.369122,55.809319,7.69999980926514,15.8000001907349,0.283333331346512,720,74,41,20.319694519043,219,136,187,175,6.80000019073486,28.9361705780029,638.389282226562,20.8999996185303,-2.59999990463257,23.5,8.3333330154419,2.58333325386047
"110",13.269013,55.9194,7.42916679382324,15.4166660308838,0.0666666850447655,800,83,46,21.0731525421143,247,152,205,199,6.72499990463257,28.9870681762695,631.658935546875,20.3999996185303,-2.79999995231628,23.1999988555908,4.43333339691162,6.11666679382324
"111",14.563229,56.170747,6.94166660308838,15.1999998092651,-0.483333349227905,684,71,42,18.5840816497803,206,133,182,163,7.31666660308838,30.1097412109375,642.197326660156,20.8999996185303,-3.40000009536743,24.2999992370605,7.41666650772095,1.88333332538605
"112",12.4,57.2,6.99166679382324,15.1833333969116,-0.616666615009308,885,91,51,20.8433933258057,270,164,229,222,6.58333349227905,27.8954811096191,646.539123535156,19.7999992370605,-3.79999995231628,23.5999984741211,7.63333320617676,5.76666641235352
"113",138.767083,36.893861,9.09583377838135,20.5666675567627,-2.26666665077209,1679,205,98,27.8358554840088,587,314,587,351,8.7916669845581,25.4094409942627,942.468872070312,26.7999992370605,-7.80000019073486,34.5999984741211,20.5666675567627,6.43333339691162
"114",138.767083,36.893861,9.09583377838135,20.5666675567627,-2.26666665077209,1679,205,98,27.8358554840088,587,314,587,351,8.7916669845581,25.4094409942627,942.468872070312,26.7999992370605,-7.80000019073486,34.5999984741211,20.5666675567627,6.43333339691162
"115",138.767083,36.893861,9.09583377838135,20.5666675567627,-2.26666665077209,1679,205,98,27.8358554840088,587,314,587,351,8.7916669845581,25.4094409942627,942.468872070312,26.7999992370605,-7.80000019073486,34.5999984741211,20.5666675567627,6.43333339691162
"116",138.767083,36.893861,9.09583377838135,20.5666675567627,-2.26666665077209,1679,205,98,27.8358554840088,587,314,587,351,8.7916669845581,25.4094409942627,942.468872070312,26.7999992370605,-7.80000019073486,34.5999984741211,20.5666675567627,6.43333339691162
"117",138.767083,36.893861,9.09583377838135,20.5666675567627,-2.26666665077209,1679,205,98,27.8358554840088,587,314,587,351,8.7916669845581,25.4094409942627,942.468872070312,26.7999992370605,-7.80000019073486,34.5999984741211,20.5666675567627,6.43333339691162
"118",138.767083,36.893861,9.09583377838135,20.5666675567627,-2.26666665077209,1679,205,98,27.8358554840088,587,314,587,351,8.7916669845581,25.4094409942627,942.468872070312,26.7999992370605,-7.80000019073486,34.5999984741211,20.5666675567627,6.43333339691162
"119",-84.856022,47.612753,2.52499985694885,15.283332824707,-11.3166666030884,1043,113,61,20.7787647247314,324,190,276,241,10.9333333969116,26.5372161865234,1087.39367675781,22.5,-18.7000007629395,41.2000007629395,10.8333330154419,-5.55000019073486
"120",-84.856022,47.612753,2.52499985694885,15.283332824707,-11.3166666030884,1043,113,61,20.7787647247314,324,190,276,241,10.9333333969116,26.5372161865234,1087.39367675781,22.5,-18.7000007629395,41.2000007629395,10.8333330154419,-5.55000019073486
"121",-84.856022,47.612753,2.52499985694885,15.283332824707,-11.3166666030884,1043,113,61,20.7787647247314,324,190,276,241,10.9333333969116,26.5372161865234,1087.39367675781,22.5,-18.7000007629395,41.2000007629395,10.8333330154419,-5.55000019073486
"122",-87.0825,31.0091,18.625,26.2999992370605,10.4833335876465,1664,180,83,19.4802360534668,492,325,492,410,13.1999998092651,44.594596862793,647.503967285156,32.7999992370605,3.20000004768372,29.5999984741211,26.2999992370605,14.75
"123",-92.6359,31.0249,18.8083324432373,27.0499992370605,10.033332824707,1564,169,112,12.617696762085,448,344,365,437,12,39.8671112060547,690.618408203125,33.2999992370605,3.20000004768372,30.0999984741211,11.0666666030884,23.7000007629395
"124",-78.5315,34.729,16.3208332061768,25.2999992370605,7.01666688919067,1221,161,69,26.7019844055176,417,223,417,274,12.908332824707,40.3385429382324,740.799499511719,32.0999984741211,0.100000001490116,31.9999980926514,25.2999992370605,12.0666666030884
"125",-87.0825,31.0091,18.625,26.2999992370605,10.4833335876465,1664,180,83,19.4802360534668,492,325,492,410,13.1999998092651,44.594596862793,647.503967285156,32.7999992370605,3.20000004768372,29.5999984741211,26.2999992370605,14.75
"126",-92.6359,31.0249,18.8083324432373,27.0499992370605,10.033332824707,1564,169,112,12.617696762085,448,344,365,437,12,39.8671112060547,690.618408203125,33.2999992370605,3.20000004768372,30.0999984741211,11.0666666030884,23.7000007629395
"127",-78.5315,34.729,16.3208332061768,25.2999992370605,7.01666688919067,1221,161,69,26.7019844055176,417,223,417,274,12.908332824707,40.3385429382324,740.799499511719,32.0999984741211,0.100000001490116,31.9999980926514,25.2999992370605,12.0666666030884
"128",-87.0825,31.0091,18.625,26.2999992370605,10.4833335876465,1664,180,83,19.4802360534668,492,325,492,410,13.1999998092651,44.594596862793,647.503967285156,32.7999992370605,3.20000004768372,29.5999984741211,26.2999992370605,14.75
"129",-92.6359,31.0249,18.8083324432373,27.0499992370605,10.033332824707,1564,169,112,12.617696762085,448,344,365,437,12,39.8671112060547,690.618408203125,33.2999992370605,3.20000004768372,30.0999984741211,11.0666666030884,23.7000007629395
"130",-78.5315,34.729,16.3208332061768,25.2999992370605,7.01666688919067,1221,161,69,26.7019844055176,417,223,417,274,12.908332824707,40.3385429382324,740.799499511719,32.0999984741211,0.100000001490116,31.9999980926514,25.2999992370605,12.0666666030884
"131",-87.0825,31.0091,18.625,26.2999992370605,10.4833335876465,1664,180,83,19.4802360534668,492,325,492,410,13.1999998092651,44.594596862793,647.503967285156,32.7999992370605,3.20000004768372,29.5999984741211,26.2999992370605,14.75
"132",-92.6359,31.0249,18.8083324432373,27.0499992370605,10.033332824707,1564,169,112,12.617696762085,448,344,365,437,12,39.8671112060547,690.618408203125,33.2999992370605,3.20000004768372,30.0999984741211,11.0666666030884,23.7000007629395
"133",-78.5315,34.729,16.3208332061768,25.2999992370605,7.01666688919067,1221,161,69,26.7019844055176,417,223,417,274,12.908332824707,40.3385429382324,740.799499511719,32.0999984741211,0.100000001490116,31.9999980926514,25.2999992370605,12.0666666030884
"134",-87.0825,31.0091,18.625,26.2999992370605,10.4833335876465,1664,180,83,19.4802360534668,492,325,492,410,13.1999998092651,44.594596862793,647.503967285156,32.7999992370605,3.20000004768372,29.5999984741211,26.2999992370605,14.75
"135",-92.6359,31.0249,18.8083324432373,27.0499992370605,10.033332824707,1564,169,112,12.617696762085,448,344,365,437,12,39.8671112060547,690.618408203125,33.2999992370605,3.20000004768372,30.0999984741211,11.0666666030884,23.7000007629395
"136",-78.5315,34.729,16.3208332061768,25.2999992370605,7.01666688919067,1221,161,69,26.7019844055176,417,223,417,274,12.908332824707,40.3385429382324,740.799499511719,32.0999984741211,0.100000001490116,31.9999980926514,25.2999992370605,12.0666666030884
"137",10,50,8.84583282470703,17.25,0.733333349227905,661,68,46,13.8837127685547,189,140,187,165,8.9583330154419,33.6779441833496,671.922119140625,23.8999996185303,-2.70000004768372,26.6000003814697,15.6666660308838,4.55000019073486
"138",10,50,8.84583282470703,17.25,0.733333349227905,661,68,46,13.8837127685547,189,140,187,165,8.9583330154419,33.6779441833496,671.922119140625,23.8999996185303,-2.70000004768372,26.6000003814697,15.6666660308838,4.55000019073486
"139",10,50,8.84583282470703,17.25,0.733333349227905,661,68,46,13.8837127685547,189,140,187,165,8.9583330154419,33.6779441833496,671.922119140625,23.8999996185303,-2.70000004768372,26.6000003814697,15.6666660308838,4.55000019073486
"140",7.827421,49.270121,7.7625002861023,15.4333333969116,0.466666698455811,1025,105,69,12.3697061538696,291,229,249,268,7.125,30.8441562652588,612.302368164062,20.6000003814697,-2.5,23.1000003814697,4.19999980926514,3.54999995231628
"141",7.73,50.42,7.70833349227905,15.5166664123535,0.36666664481163,972,101,65,12.4257574081421,280,222,233,261,7.21666669845581,30.7092189788818,619.709716796875,20.8999996185303,-2.59999990463257,23.5,1.34999990463257,3.41666674613953
"142",7.9,50.76,8.52916622161865,16.2666664123535,1.18333327770233,973,107,65,15.0956830978394,293,214,231,274,8.2083330154419,33.6407089233398,614.900085449219,22.2000007629395,-2.20000004768372,24.4000015258789,2.20000004768372,11.6833333969116
"143",7.19,49.74,6.76249980926514,14.5500001907349,-0.516666650772095,1079,119,70,15.3519229888916,324,233,238,305,6.69166660308838,28.9682540893555,616.014038085938,19.7999992370605,-3.29999995231628,23.0999984741211,0.499999970197678,13.9833335876465
"144",6.37,50.26,6.68333339691162,14.0833330154419,-0.25,1262,141,73,19.5436668395996,400,263,266,375,6.6666669845581,30.030029296875,589.662231445312,19.2000007629395,-3,22.2000007629395,0.766666650772095,9.23333358764648
"145",-74.598611,39.916111,11.7166662216187,22.283332824707,0.933333337306976,1161,119,77,11.3510570526123,322,265,319,265,11.4000005722046,32.7586212158203,865.758544921875,29.5,-5.30000019073486,34.7999992370605,21.783332824707,0.933333337306976
"146",-106.657861,38.785331,-0.158333331346512,10.1666669845581,-9.86666679382324,578,64,35,18.6577892303467,173,117,160,149,15.75,41.1227149963379,832.299194335938,19.7000007629395,-18.6000003814697,38.3000030517578,9.96666717529297,2.43333339691162
"147",-106.657861,38.785331,-0.158333331346512,10.1666669845581,-9.86666679382324,578,64,35,18.6577892303467,173,117,160,149,15.75,41.1227149963379,832.299194335938,19.7000007629395,-18.6000003814697,38.3000030517578,9.96666717529297,2.43333339691162
"148",-1.140907,40.039491,10.25,19.2666664123535,2.61666655540466,463,64,25,30.2095432281494,162,82,111,89,13.3833332061768,40.8028450012207,682.48876953125,29.3999996185303,-3.40000009536743,32.7999992370605,12.1833333969116,3.59999990463257
"149",-1.140907,40.039491,10.25,19.2666664123535,2.61666655540466,463,64,25,30.2095432281494,162,82,111,89,13.3833332061768,40.8028450012207,682.48876953125,29.3999996185303,-3.40000009536743,32.7999992370605,12.1833333969116,3.59999990463257
"150",135.715644,35.301179,12.1291666030884,22.8166675567627,1.73333334922791,1830,226,104,29.6418571472168,605,331,597,336,8.07499980926514,25.8814086914062,864.653015136719,28.7000007629395,-2.5,31.2000007629395,22.4333343505859,4.34999990463257
"151",-113.3,46.2,3.19583344459534,13.1000003814697,-5.93333339691162,389,58,16,40.0566520690918,147,59,128,59,14.4583330154419,39.611873626709,780.266479492188,24,-12.5,36.5,6.15000009536743,-5.93333339691162
"152",-113.3,46.2,3.19583344459534,13.1000003814697,-5.93333339691162,389,58,16,40.0566520690918,147,59,128,59,14.4583330154419,39.611873626709,780.266479492188,24,-12.5,36.5,6.15000009536743,-5.93333339691162
"153",-113.3,46.2,3.19583344459534,13.1000003814697,-5.93333339691162,389,58,16,40.0566520690918,147,59,128,59,14.4583330154419,39.611873626709,780.266479492188,24,-12.5,36.5,6.15000009536743,-5.93333339691162
"154",-78.539722,34.7375,16.283332824707,25.2666664123535,7.01666688919067,1218,160,69,26.456184387207,415,223,415,274,12.8833332061768,40.2604179382324,739.18359375,32.0999984741211,0.100000001490116,31.9999980926514,25.2666664123535,12.0500001907349
"155",-78.619444,34.703611,16.4458332061768,25.3999996185303,7.13333320617676,1209,156,70,25.5841636657715,408,223,408,274,12.8916664123535,40.2864570617676,739.288513183594,32.2000007629395,0.200000002980232,32,25.3999996185303,12.216667175293
"156",-79.969722,34.545278,16.5125007629395,25.6666660308838,6.93333339691162,1188,130,72,19.2590007781982,370,245,370,284,12.9416666030884,39.4563026428223,757.721252441406,32.5999984741211,-0.200000002980232,32.7999992370605,25.6666660308838,11.966667175293
"157",-78.539722,34.7375,16.283332824707,25.2666664123535,7.01666688919067,1218,160,69,26.456184387207,415,223,415,274,12.8833332061768,40.2604179382324,739.18359375,32.0999984741211,0.100000001490116,31.9999980926514,25.2666664123535,12.0500001907349
"158",-78.619444,34.703611,16.4458332061768,25.3999996185303,7.13333320617676,1209,156,70,25.5841636657715,408,223,408,274,12.8916664123535,40.2864570617676,739.288513183594,32.2000007629395,0.200000002980232,32,25.3999996185303,12.216667175293
"159",-79.969722,34.545278,16.5125007629395,25.6666660308838,6.93333339691162,1188,130,72,19.2590007781982,370,245,370,284,12.9416666030884,39.4563026428223,757.721252441406,32.5999984741211,-0.200000002980232,32.7999992370605,25.6666660308838,11.966667175293
"160",-7.363521,37.524658,17.1333332061768,24.2000007629395,11,532,93,3,65.5676116943359,246,23,27,224,11.533332824707,43.0348281860352,540.888732910156,32.5999984741211,5.80000019073486,26.7999992370605,11.9000005722046,23.966667175293
"161",-7.112327,37.438881,17.3125,24.3166656494141,11.0833330154419,516,87,3,65.7414474487305,239,22,26,214,11.2749996185303,42.5471687316895,541.433776855469,32.2999992370605,5.80000019073486,26.5,11.9833335876465,24.1166667938232
"162",-79.844333,9.160642,26.1333332061768,27.0666656494141,25.4333343505859,2213,329,15,62.9668655395508,861,78,393,677,5.75,73.7179336547852,66.5149765014648,30.1000003814697,22.2999992370605,7.80000114440918,25.5499992370605,26.2666664123535
"163",-79.844333,9.160642,26.1333332061768,27.0666656494141,25.4333343505859,2213,329,15,62.9668655395508,861,78,393,677,5.75,73.7179336547852,66.5149765014648,30.1000003814697,22.2999992370605,7.80000114440918,25.5499992370605,26.2666664123535
"164",-79.844333,9.160642,26.1333332061768,27.0666656494141,25.4333343505859,2213,329,15,62.9668655395508,861,78,393,677,5.75,73.7179336547852,66.5149765014648,30.1000003814697,22.2999992370605,7.80000114440918,25.5499992370605,26.2666664123535
"165",-79.844333,9.160642,26.1333332061768,27.0666656494141,25.4333343505859,2213,329,15,62.9668655395508,861,78,393,677,5.75,73.7179336547852,66.5149765014648,30.1000003814697,22.2999992370605,7.80000114440918,25.5499992370605,26.2666664123535
"166",-79.844333,9.160642,26.1333332061768,27.0666656494141,25.4333343505859,2213,329,15,62.9668655395508,861,78,393,677,5.75,73.7179336547852,66.5149765014648,30.1000003814697,22.2999992370605,7.80000114440918,25.5499992370605,26.2666664123535
"167",-79.844333,9.160642,26.1333332061768,27.0666656494141,25.4333343505859,2213,329,15,62.9668655395508,861,78,393,677,5.75,73.7179336547852,66.5149765014648,30.1000003814697,22.2999992370605,7.80000114440918,25.5499992370605,26.2666664123535
"168",-79.844333,9.160642,26.1333332061768,27.0666656494141,25.4333343505859,2213,329,15,62.9668655395508,861,78,393,677,5.75,73.7179336547852,66.5149765014648,30.1000003814697,22.2999992370605,7.80000114440918,25.5499992370605,26.2666664123535
"169",-79.844333,9.160642,26.1333332061768,27.0666656494141,25.4333343505859,2213,329,15,62.9668655395508,861,78,393,677,5.75,73.7179336547852,66.5149765014648,30.1000003814697,22.2999992370605,7.80000114440918,25.5499992370605,26.2666664123535
"170",-79.844333,9.160642,26.1333332061768,27.0666656494141,25.4333343505859,2213,329,15,62.9668655395508,861,78,393,677,5.75,73.7179336547852,66.5149765014648,30.1000003814697,22.2999992370605,7.80000114440918,25.5499992370605,26.2666664123535
"171",-79.844333,9.160642,26.1333332061768,27.0666656494141,25.4333343505859,2213,329,15,62.9668655395508,861,78,393,677,5.75,73.7179336547852,66.5149765014648,30.1000003814697,22.2999992370605,7.80000114440918,25.5499992370605,26.2666664123535
"172",-79.844333,9.160642,26.1333332061768,27.0666656494141,25.4333343505859,2213,329,15,62.9668655395508,861,78,393,677,5.75,73.7179336547852,66.5149765014648,30.1000003814697,22.2999992370605,7.80000114440918,25.5499992370605,26.2666664123535
"173",-79.844333,9.160642,26.1333332061768,27.0666656494141,25.4333343505859,2213,329,15,62.9668655395508,861,78,393,677,5.75,73.7179336547852,66.5149765014648,30.1000003814697,22.2999992370605,7.80000114440918,25.5499992370605,26.2666664123535
"174",-79.844333,9.160642,26.1333332061768,27.0666656494141,25.4333343505859,2213,329,15,62.9668655395508,861,78,393,677,5.75,73.7179336547852,66.5149765014648,30.1000003814697,22.2999992370605,7.80000114440918,25.5499992370605,26.2666664123535
"175",-0.27,42.14,14.3125,23.2999992370605,6.11666679382324,552,65,20,27.0045948028564,168,109,113,118,10.7083330154419,35.224781036377,699.734130859375,32.0999984741211,1.70000004768372,30.3999977111816,16.5499992370605,7.51666688919067
"176",-4.59,43.16,11.5208330154419,17.8000011444092,5.93333339691162,773,86,38,26.7125205993652,248,124,129,230,9.02499961853027,40.6531524658203,486.296112060547,23.7000007629395,1.5,22.2000007629395,9.03333377838135,17.6000003814697
"177",7.5,47,8,15.9666662216187,0.416666626930237,1182,131,76,16.972188949585,362,237,362,253,8.86666679382324,34.3669242858887,636.360412597656,22.2999992370605,-3.5,25.7999992370605,15.9666662216187,1.51666665077209
"178",7.5,47,8,15.9666662216187,0.416666626930237,1182,131,76,16.972188949585,362,237,362,253,8.86666679382324,34.3669242858887,636.360412597656,22.2999992370605,-3.5,25.7999992370605,15.9666662216187,1.51666665077209
"179",12,54,8.57499980926514,16.5833339691162,0.866666674613953,595,68,32,20.1513195037842,190,115,190,126,6.68333339691162,27.9637393951416,644.732177734375,21.7999992370605,-2.09999990463257,23.8999996185303,16.5833339691162,3.88333344459534
"180",10,51,8.125,16.0833339691162,0.433333307504654,776,78,51,12.8945274353027,223,166,215,186,7.81666660308838,31.6464233398438,638.280700683594,21.7999992370605,-2.90000009536743,24.6999988555908,14.6166667938232,3.71666669845581
"181",-1.895531,38.257578,12.9708337783813,22.4500007629395,5.11666679382324,422,48,9,38.1642112731934,138,46,49,120,13.5749998092651,40.2818984985352,716.990112304688,32.7999992370605,-0.899999976158142,33.7000007629395,8.85000038146973,22.283332824707
"182",-70.795444,-39.394306,6.96250009536743,13.0166664123535,1,588,110,12,66.7696151733398,286,50,50,286,13.4916667938232,52.0913772583008,486.943725585938,22.2000007629395,-3.70000004768372,25.9000015258789,1.78333330154419,13.0166664123535
"183",-70.795444,-39.394306,6.96250009536743,13.0166664123535,1,588,110,12,66.7696151733398,286,50,50,286,13.4916667938232,52.0913772583008,486.943725585938,22.2000007629395,-3.70000004768372,25.9000015258789,1.78333330154419,13.0166664123535
"184",140.52,40.39,9.03750038146973,20.5499992370605,-2.01666665077209,1469,166,90,22.10227394104,482,278,482,342,7.19166660308838,22.0603275299072,929.971008300781,26.5,-6.09999990463257,32.5999984741211,20.5499992370605,6.46666669845581
"185",140.52,40.39,9.03750038146973,20.5499992370605,-2.01666665077209,1469,166,90,22.10227394104,482,278,482,342,7.19166660308838,22.0603275299072,929.971008300781,26.5,-6.09999990463257,32.5999984741211,20.5499992370605,6.46666669845581
"186",138.46,36.51,7.61250019073486,18.5666675567627,-3.38333344459534,1428,205,41,53.0103874206543,601,152,601,152,10.0583333969116,28.9032573699951,906.943237304688,25.2000007629395,-9.60000038146973,34.8000030517578,18.5666675567627,-3.38333344459534
"187",0,52,9.30000019073486,15.3999996185303,3.83333325386047,650,63,43,12.7436332702637,186,141,155,165,7.75,37.2596168518066,480.58203125,21.2999992370605,0.5,20.7999992370605,6.93333339691162,5.51666688919067
"188",-121.563592,36.37932,12.9333333969116,18.2666664123535,8.61666679382324,671,128,2,90.8084869384766,355,9,15,355,13.8333330154419,55.7795677185059,396.973419189453,27,2.20000004768372,24.7999992370605,8.94999980926514,17.4166660308838
"189",-121.563592,36.37932,12.9333333969116,18.2666664123535,8.61666679382324,671,128,2,90.8084869384766,355,9,15,355,13.8333330154419,55.7795677185059,396.973419189453,27,2.20000004768372,24.7999992370605,8.94999980926514,17.4166660308838
"190",-121.563592,36.37932,12.9333333969116,18.2666664123535,8.61666679382324,671,128,2,90.8084869384766,355,9,15,355,13.8333330154419,55.7795677185059,396.973419189453,27,2.20000004768372,24.7999992370605,8.94999980926514,17.4166660308838
"191",11.38,46.18,1.59999990463257,9.11666679382324,-4.9500002861023,437,58,17,41.7701148986816,168,53,168,53,5.53333330154419,25.7364349365234,591.66943359375,13.3999996185303,-8.10000038146973,21.5,9.11666679382324,-4.9500002861023
"192",11.38,46.18,1.59999990463257,9.11666679382324,-4.9500002861023,437,58,17,41.7701148986816,168,53,168,53,5.53333330154419,25.7364349365234,591.66943359375,13.3999996185303,-8.10000038146973,21.5,9.11666679382324,-4.9500002861023
"193",11.38,46.18,1.59999990463257,9.11666679382324,-4.9500002861023,437,58,17,41.7701148986816,168,53,168,53,5.53333330154419,25.7364349365234,591.66943359375,13.3999996185303,-8.10000038146973,21.5,9.11666679382324,-4.9500002861023
"194",-0.6,51.2,10.3000001907349,16.3999996185303,4.93333339691162,714,75,42,19.7279872894287,222,145,150,198,8.0833330154419,38.6762351989746,472.729034423828,22.3999996185303,1.5,20.8999996185303,5.83333349227905,14.783332824707
"195",-0.6,51.2,10.3000001907349,16.3999996185303,4.93333339691162,714,75,42,19.7279872894287,222,145,150,198,8.0833330154419,38.6762351989746,472.729034423828,22.3999996185303,1.5,20.8999996185303,5.83333349227905,14.783332824707
"196",-0.6,51.2,10.3000001907349,16.3999996185303,4.93333339691162,714,75,42,19.7279872894287,222,145,150,198,8.0833330154419,38.6762351989746,472.729034423828,22.3999996185303,1.5,20.8999996185303,5.83333349227905,14.783332824707
"197",14.3,57.8,5.59999990463257,14.3166666030884,-2.34999990463257,705,78,36,22.1703491210938,221,126,209,153,8.46666622161865,31.0134315490723,680.230590820312,20.8999996185303,-6.40000009536743,27.2999992370605,13.2166662216187,0.283333212137222
"198",14.3,57.8,5.59999990463257,14.3166666030884,-2.34999990463257,705,78,36,22.1703491210938,221,126,209,153,8.46666622161865,31.0134315490723,680.230590820312,20.8999996185303,-6.40000009536743,27.2999992370605,13.2166662216187,0.283333212137222
"199",14.3,57.8,5.59999990463257,14.3166666030884,-2.34999990463257,705,78,36,22.1703491210938,221,126,209,153,8.46666622161865,31.0134315490723,680.230590820312,20.8999996185303,-6.40000009536743,27.2999992370605,13.2166662216187,0.283333212137222
"200",9.1,48.6,8.31666660308838,16.4166660308838,0.483333349227905,776,99,43,26.0655193328857,266,137,251,146,8.28333377838135,32.7404479980469,649.847290039062,22.2000007629395,-3.09999990463257,25.3000011444092,14.8000001907349,1.53333330154419
"201",9.1,48.6,8.31666660308838,16.4166660308838,0.483333349227905,776,99,43,26.0655193328857,266,137,251,146,8.28333377838135,32.7404479980469,649.847290039062,22.2000007629395,-3.09999990463257,25.3000011444092,14.8000001907349,1.53333330154419
"202",9.1,48.6,8.31666660308838,16.4166660308838,0.483333349227905,776,99,43,26.0655193328857,266,137,251,146,8.28333377838135,32.7404479980469,649.847290039062,22.2000007629395,-3.09999990463257,25.3000011444092,14.8000001907349,1.53333330154419
"203",16.3,52.5,8.33749961853027,17.25,-0.416666656732559,537,74,25,31.2628059387207,196,92,196,101,8.32499980926514,30.8333339691162,719.858337402344,23.2999992370605,-3.70000004768372,27,17.25,0.583333313465118
"204",16.3,52.5,8.33749961853027,17.25,-0.416666656732559,537,74,25,31.2628059387207,196,92,196,101,8.32499980926514,30.8333339691162,719.858337402344,23.2999992370605,-3.70000004768372,27,17.25,0.583333313465118
"205",16.3,52.5,8.33749961853027,17.25,-0.416666656732559,537,74,25,31.2628059387207,196,92,196,101,8.32499980926514,30.8333339691162,719.858337402344,23.2999992370605,-3.70000004768372,27,17.25,0.583333313465118
"206",19.4,53.8,7.34999990463257,16.2666664123535,-1.73333334922791,657,84,28,33.8708763122559,241,101,241,116,7.28333330154419,27.380952835083,733.636657714844,21.6000003814697,-5,26.6000003814697,16.2666664123535,-0.78333330154419
"207",19.4,53.8,7.34999990463257,16.2666664123535,-1.73333334922791,657,84,28,33.8708763122559,241,101,241,116,7.28333330154419,27.380952835083,733.636657714844,21.6000003814697,-5,26.6000003814697,16.2666664123535,-0.78333330154419
"208",19.4,53.8,7.34999990463257,16.2666664123535,-1.73333334922791,657,84,28,33.8708763122559,241,101,241,116,7.28333330154419,27.380952835083,733.636657714844,21.6000003814697,-5,26.6000003814697,16.2666664123535,-0.78333330154419
"209",13,54,8.2708330154419,16.283332824707,0.550000011920929,618,71,37,21.4502048492432,201,116,201,131,7.75833320617676,31.6666660308838,644.731994628906,22,-2.5,24.5,16.283332824707,3.43333339691162
"210",13,54,8.2708330154419,16.283332824707,0.550000011920929,618,71,37,21.4502048492432,201,116,201,131,7.75833320617676,31.6666660308838,644.731994628906,22,-2.5,24.5,16.283332824707,3.43333339691162
"211",13,54,8.2708330154419,16.283332824707,0.550000011920929,618,71,37,21.4502048492432,201,116,201,131,7.75833320617676,31.6666660308838,644.731994628906,22,-2.5,24.5,16.283332824707,3.43333339691162
"212",7.9,51.1,7.9249997138977,15.4666662216187,0.866666674613953,1151,128,74,18.2385234832764,362,240,265,336,7.5,31.9148921966553,598.408874511719,21,-2.5,23.5,1.91666674613953,10.7666664123535
"213",7.9,51.1,7.9249997138977,15.4666662216187,0.866666674613953,1151,128,74,18.2385234832764,362,240,265,336,7.5,31.9148921966553,598.408874511719,21,-2.5,23.5,1.91666674613953,10.7666664123535
"214",7.9,51.1,7.9249997138977,15.4666662216187,0.866666674613953,1151,128,74,18.2385234832764,362,240,265,336,7.5,31.9148921966553,598.408874511719,21,-2.5,23.5,1.91666674613953,10.7666664123535
"215",7.2,49.7,7.64166641235352,15.5666666030884,0.233333304524422,950,103,63,14.1511039733887,280,211,214,264,7.76666641235352,31.8306007385254,623.337158203125,21.5,-2.90000009536743,24.3999996185303,3.9833333492279,14.8499994277954
"216",7.2,49.7,7.64166641235352,15.5666666030884,0.233333304524422,950,103,63,14.1511039733887,280,211,214,264,7.76666641235352,31.8306007385254,623.337158203125,21.5,-2.90000009536743,24.3999996185303,3.9833333492279,14.8499994277954
"217",7.2,49.7,7.64166641235352,15.5666666030884,0.233333304524422,950,103,63,14.1511039733887,280,211,214,264,7.76666641235352,31.8306007385254,623.337158203125,21.5,-2.90000009536743,24.3999996185303,3.9833333492279,14.8499994277954
"218",9.2,51.1,7.96250009536743,15.8500003814697,0.450000017881393,743,76,47,13.2712564468384,215,153,208,174,7.7916669845581,31.8027210235596,628.273681640625,21.7000007629395,-2.79999995231628,24.5,14.3333330154419,3.61666679382324
"219",9.2,51.1,7.96250009536743,15.8500003814697,0.450000017881393,743,76,47,13.2712564468384,215,153,208,174,7.7916669845581,31.8027210235596,628.273681640625,21.7000007629395,-2.79999995231628,24.5,14.3333330154419,3.61666679382324
"220",9.2,51.1,7.96250009536743,15.8500003814697,0.450000017881393,743,76,47,13.2712564468384,215,153,208,174,7.7916669845581,31.8027210235596,628.273681640625,21.7000007629395,-2.79999995231628,24.5,14.3333330154419,3.61666679382324
"221",14.9,47.1,4.05833339691162,12.1166667938232,-3.78333330154419,1328,169,62,30.8150882720947,474,212,474,212,8.85000038146973,34.038459777832,653.382263183594,17.7000007629395,-8.30000019073486,26,12.1166667938232,-3.78333330154419
"222",14.9,47.1,4.05833339691162,12.1166667938232,-3.78333330154419,1328,169,62,30.8150882720947,474,212,474,212,8.85000038146973,34.038459777832,653.382263183594,17.7000007629395,-8.30000019073486,26,12.1166667938232,-3.78333330154419
"223",14.9,47.1,4.05833339691162,12.1166667938232,-3.78333330154419,1328,169,62,30.8150882720947,474,212,474,212,8.85000038146973,34.038459777832,653.382263183594,17.7000007629395,-8.30000019073486,26,12.1166667938232,-3.78333330154419
"224",11.5,47.3,9.01249980926514,17.5499992370605,0.133333399891853,1007,146,48,39.2488632202148,402,154,402,154,10.0249996185303,35.0524482727051,710.669067382812,24,-4.59999990463257,28.6000003814697,17.5499992370605,0.133333399891853
"225",11.5,47.3,9.01249980926514,17.5499992370605,0.133333399891853,1007,146,48,39.2488632202148,402,154,402,154,10.0249996185303,35.0524482727051,710.669067382812,24,-4.59999990463257,28.6000003814697,17.5499992370605,0.133333399891853
"226",11.5,47.3,9.01249980926514,17.5499992370605,0.133333399891853,1007,146,48,39.2488632202148,402,154,402,154,10.0249996185303,35.0524482727051,710.669067382812,24,-4.59999990463257,28.6000003814697,17.5499992370605,0.133333399891853
"227",-1.661998,54.967903,9.02499961853027,14.3999996185303,4.43333339691162,631,62,39,11.3508052825928,172,142,161,151,7.08333349227905,38.7067375183105,414.199676513672,19.7000007629395,1.39999997615814,18.3000011444092,12.4833335876465,5.68333339691162
"228",-1.661998,54.967903,9.02499961853027,14.3999996185303,4.43333339691162,631,62,39,11.3508052825928,172,142,161,151,7.08333349227905,38.7067375183105,414.199676513672,19.7000007629395,1.39999997615814,18.3000011444092,12.4833335876465,5.68333339691162
"229",-1.661998,54.967903,9.02499961853027,14.3999996185303,4.43333339691162,631,62,39,11.3508052825928,172,142,161,151,7.08333349227905,38.7067375183105,414.199676513672,19.7000007629395,1.39999997615814,18.3000011444092,12.4833335876465,5.68333339691162
"230",-2.168628,51.818081,9.40416622161865,15.3999996185303,4.11666679382324,932,102,57,16.2821369171143,284,197,206,264,7.14166641235352,36.2521171569824,466.034820556641,20.7999992370605,1.10000002384186,19.6999988555908,5.06666660308838,13.783332824707
"231",-2.168628,51.818081,9.40416622161865,15.3999996185303,4.11666679382324,932,102,57,16.2821369171143,284,197,206,264,7.14166641235352,36.2521171569824,466.034820556641,20.7999992370605,1.10000002384186,19.6999988555908,5.06666660308838,13.783332824707
"232",-2.168628,51.818081,9.40416622161865,15.3999996185303,4.11666679382324,932,102,57,16.2821369171143,284,197,206,264,7.14166641235352,36.2521171569824,466.034820556641,20.7999992370605,1.10000002384186,19.6999988555908,5.06666660308838,13.783332824707
"233",-1.836206,52.029726,8.7708330154419,14.6166667938232,3.66666650772095,947,100,62,15.5233011245728,286,203,215,264,7.52499961853027,38.0050506591797,454.279937744141,20.2999992370605,0.5,19.7999992370605,4.55000019073486,13
"234",-1.836206,52.029726,8.7708330154419,14.6166667938232,3.66666650772095,947,100,62,15.5233011245728,286,203,215,264,7.52499961853027,38.0050506591797,454.279937744141,20.2999992370605,0.5,19.7999992370605,4.55000019073486,13
"235",-1.836206,52.029726,8.7708330154419,14.6166667938232,3.66666650772095,947,100,62,15.5233011245728,286,203,215,264,7.52499961853027,38.0050506591797,454.279937744141,20.2999992370605,0.5,19.7999992370605,4.55000019073486,13
"236",-3.458192,50.794143,10.3666667938232,15.8166666030884,5.73333311080933,935,104,55,23.6043071746826,308,173,189,282,7.16666650772095,39.1621131896973,418.549072265625,20.8999996185303,2.59999990463257,18.2999992370605,6.59999990463257,11.4166669845581
"237",-3.458192,50.794143,10.3666667938232,15.8166666030884,5.73333311080933,935,104,55,23.6043071746826,308,173,189,282,7.16666650772095,39.1621131896973,418.549072265625,20.8999996185303,2.59999990463257,18.2999992370605,6.59999990463257,11.4166669845581
"238",-3.458192,50.794143,10.3666667938232,15.8166666030884,5.73333311080933,935,104,55,23.6043071746826,308,173,189,282,7.16666650772095,39.1621131896973,418.549072265625,20.8999996185303,2.59999990463257,18.2999992370605,6.59999990463257,11.4166669845581
"239",-0.973616,51.584126,9.5416669845581,15.6333332061768,4.19999980926514,744,76,45,16.1873626708984,223,161,163,201,7.53333330154419,36.7479667663574,472.771484375,21.3999996185303,0.899999976158142,20.5,5.09999990463257,13.9333333969116
"240",-0.973616,51.584126,9.5416669845581,15.6333332061768,4.19999980926514,744,76,45,16.1873626708984,223,161,163,201,7.53333330154419,36.7479667663574,472.771484375,21.3999996185303,0.899999976158142,20.5,5.09999990463257,13.9333333969116
"241",-0.973616,51.584126,9.5416669845581,15.6333332061768,4.19999980926514,744,76,45,16.1873626708984,223,161,163,201,7.53333330154419,36.7479667663574,472.771484375,21.3999996185303,0.899999976158142,20.5,5.09999990463257,13.9333333969116
"242",-0.118347,50.855073,9.68333339691162,15.533332824707,4.53333330154419,853,104,43,29.2346153259277,298,150,156,269,8.01666641235352,39.4909706115723,458.631042480469,21.2999992370605,1,20.2999992370605,5.40000009536743,13.8500003814697
"243",-0.118347,50.855073,9.68333339691162,15.533332824707,4.53333330154419,853,104,43,29.2346153259277,298,150,156,269,8.01666641235352,39.4909706115723,458.631042480469,21.2999992370605,1,20.2999992370605,5.40000009536743,13.8500003814697
"244",-0.118347,50.855073,9.68333339691162,15.533332824707,4.53333330154419,853,104,43,29.2346153259277,298,150,156,269,8.01666641235352,39.4909706115723,458.631042480469,21.2999992370605,1,20.2999992370605,5.40000009536743,13.8500003814697
"245",-3.384446,50.673919,10.4166669845581,15.7833337783813,5.86666679382324,909,106,53,25.038516998291,303,168,173,292,6.94999980926514,38.6111106872559,413.275909423828,20.7999992370605,2.79999995231628,18,6.73333358764648,14.1666669845581
"246",-3.384446,50.673919,10.4166669845581,15.7833337783813,5.86666679382324,909,106,53,25.038516998291,303,168,173,292,6.94999980926514,38.6111106872559,413.275909423828,20.7999992370605,2.79999995231628,18,6.73333358764648,14.1666669845581
"247",-3.384446,50.673919,10.4166669845581,15.7833337783813,5.86666679382324,909,106,53,25.038516998291,303,168,173,292,6.94999980926514,38.6111106872559,413.275909423828,20.7999992370605,2.79999995231628,18,6.73333358764648,14.1666669845581
"248",-82.616667,39.584722,10.7791662216187,21.3999996185303,-0.71666669845581,1010,113,60,20.4161281585693,313,196,300,196,11.625,32.7464790344238,892.538391113281,28.6000003814697,-6.90000009536743,35.5,19.3166675567627,-0.71666669845581
"249",-82.616667,39.584722,10.7791662216187,21.3999996185303,-0.71666669845581,1010,113,60,20.4161281585693,313,196,300,196,11.625,32.7464790344238,892.538391113281,28.6000003814697,-6.90000009536743,35.5,19.3166675567627,-0.71666669845581
"250",-82.616667,39.584722,10.7791662216187,21.3999996185303,-0.71666669845581,1010,113,60,20.4161281585693,313,196,300,196,11.625,32.7464790344238,892.538391113281,28.6000003814697,-6.90000009536743,35.5,19.3166675567627,-0.71666669845581
"251",-82.616667,39.584722,10.7791662216187,21.3999996185303,-0.71666669845581,1010,113,60,20.4161281585693,313,196,300,196,11.625,32.7464790344238,892.538391113281,28.6000003814697,-6.90000009536743,35.5,19.3166675567627,-0.71666669845581
"252",-82.616667,39.584722,10.7791662216187,21.3999996185303,-0.71666669845581,1010,113,60,20.4161281585693,313,196,300,196,11.625,32.7464790344238,892.538391113281,28.6000003814697,-6.90000009536743,35.5,19.3166675567627,-0.71666669845581
"253",-82.616667,39.584722,10.7791662216187,21.3999996185303,-0.71666669845581,1010,113,60,20.4161281585693,313,196,300,196,11.625,32.7464790344238,892.538391113281,28.6000003814697,-6.90000009536743,35.5,19.3166675567627,-0.71666669845581
"254",72.5,42,6.15416669845581,18.3999996185303,-7.96666669845581,494,72,14,43.8555488586426,200,57,85,109,14.0416669845581,32.2796936035156,1075.07604980469,27.8999996185303,-15.6000003814697,43.5,5.88333320617676,17.7999992370605
"255",72.5,42,6.15416669845581,18.3999996185303,-7.96666669845581,494,72,14,43.8555488586426,200,57,85,109,14.0416669845581,32.2796936035156,1075.07604980469,27.8999996185303,-15.6000003814697,43.5,5.88333320617676,17.7999992370605
"256",72.5,42,6.15416669845581,18.3999996185303,-7.96666669845581,494,72,14,43.8555488586426,200,57,85,109,14.0416669845581,32.2796936035156,1075.07604980469,27.8999996185303,-15.6000003814697,43.5,5.88333320617676,17.7999992370605
"257",-8.334167,39.137778,16.2583332061768,22.4500007629395,10.6833333969116,711,109,5,60.5261154174805,308,34,42,295,10.2333335876465,43.1786231994629,479.335876464844,29.8999996185303,6.19999980926514,23.7000007629395,11.4833335876465,22.1833343505859
"258",-106.633333,32.316667,15.4499998092651,24.9166660308838,6.18333339691162,299,66,6,73.8445892333984,160,23,141,48,17.033332824707,46.6666641235352,762.606201171875,33.9000015258789,-2.59999990463257,36.5,23.8999996185303,11.0666666030884
"259",-106.633333,32.316667,15.4499998092651,24.9166660308838,6.18333339691162,299,66,6,73.8445892333984,160,23,141,48,17.033332824707,46.6666641235352,762.606201171875,33.9000015258789,-2.59999990463257,36.5,23.8999996185303,11.0666666030884
"260",-106.8,32.5,15.3833332061768,25.0833339691162,5.93333339691162,286,63,6,73.670036315918,153,23,136,46,17.7999992370605,47.0899467468262,778.773315429688,34.5,-3.29999995231628,37.7999992370605,24.0499992370605,11
"261",-106.8,32.5,15.3833332061768,25.0833339691162,5.93333339691162,286,63,6,73.670036315918,153,23,136,46,17.7999992370605,47.0899467468262,778.773315429688,34.5,-3.29999995231628,37.7999992370605,24.0499992370605,11
"262",-106.8,32.5,15.3833332061768,25.0833339691162,5.93333339691162,286,63,6,73.670036315918,153,23,136,46,17.7999992370605,47.0899467468262,778.773315429688,34.5,-3.29999995231628,37.7999992370605,24.0499992370605,11
"263",31.545833,1.724167,23.1958332061768,24.2333335876465,22.216667175293,1240,157,28,43.8374404907227,426,117,166,365,10.2583332061768,80.7742691040039,78.4352340698242,30.1000003814697,17.3999996185303,12.7000007629395,22.4333324432373,23.9166660308838
"264",16.533333,59.698056,5.85416650772095,15.7333335876465,-3.34999990463257,599,75,27,29.9551677703857,204,100,203,111,8.24166679382324,28.1285552978516,772.632629394531,22.1000003814697,-7.19999980926514,29.2999992370605,14.3166666030884,-2.58333325386047
"265",16.554444,59.545556,6.34166669845581,16.033332824707,-2.41666674613953,543,72,23,33.3578071594238,194,86,193,95,7.34999990463257,25.9717330932617,751.95751953125,21.7999992370605,-6.5,28.2999992370605,14.783332824707,-2.04999995231628
"266",16.554444,59.545556,6.34166669845581,16.033332824707,-2.41666674613953,543,72,23,33.3578071594238,194,86,193,95,7.34999990463257,25.9717330932617,751.95751953125,21.7999992370605,-6.5,28.2999992370605,14.783332824707,-2.04999995231628
"267",16.554444,59.545556,6.34166669845581,16.033332824707,-2.41666674613953,543,72,23,33.3578071594238,194,86,193,95,7.34999990463257,25.9717330932617,751.95751953125,21.7999992370605,-6.5,28.2999992370605,14.783332824707,-2.04999995231628
"268",-77.45,55.15,-3.79999995231628,11.3999996185303,-20.9833335876465,644,104,16,56.6956939697266,279,57,233,91,8.44999980926514,18.4497814178467,1339.80151367188,17.8999996185303,-27.8999996185303,45.7999992370605,6.98333358764648,-15.1333332061768
"269",8,47,6.84166669845581,14.3166666030884,-0.16666667163372,1452,157,100,15.9821739196777,453,310,453,326,8.14999961853027,34.2436981201172,596.839538574219,19.8999996185303,-3.90000009536743,23.7999992370605,14.3166666030884,0.616666615009308
"270",8,47,6.84166669845581,14.3166666030884,-0.16666667163372,1452,157,100,15.9821739196777,453,310,453,326,8.14999961853027,34.2436981201172,596.839538574219,19.8999996185303,-3.90000009536743,23.7999992370605,14.3166666030884,0.616666615009308
"271",-149.7,61.1,1.22083330154419,11.3833332061768,-7.38333320617676,785,122,34,39.9723014831543,311,113,203,186,7.75833368301392,27.9076747894287,781.267822265625,16.5,-11.3000001907349,27.7999992370605,6.21666669845581,0.266666620969772
"272",-69.239414,-12.744689,25.2958335876465,26.1833343505859,23.7999992370605,2339,353,68,56.5064506530762,1009,216,742,253,10.3249998092651,72.2027969360352,102.612655639648,31.8999996185303,17.6000003814697,14.2999992370605,25.9833335876465,23.8666667938232
"273",2.9,49.366667,10.1625003814697,16.8666667938232,3.75,632,59,44,9.93435859680176,172,138,160,154,7.75833368301392,35.2651519775391,536.186584472656,22.6000003814697,0.600000023841858,22,15.3000001907349,6.38333320617676
"274",-116,32,12.2124996185303,19.1166667938232,6.81666660308838,377,61,1,60.413745880127,165,26,86,152,15.1750001907349,53.6219062805176,513.314208984375,28.6000003814697,0.300000011920929,28.3000011444092,7,12.75
"275",-84.466667,79.966667,-18.8708324432373,4.38333320617676,-37.0499992370605,142,31,2,85.2191314697266,83,6,75,6,6.82499980926514,13.0747127532959,1708.24401855469,10.6999998092651,-41.5,52.2000007629395,1.19999992847443,-37.0499992370605
"276",-84.466667,79.966667,-18.8708324432373,4.38333320617676,-37.0499992370605,142,31,2,85.2191314697266,83,6,75,6,6.82499980926514,13.0747127532959,1708.24401855469,10.6999998092651,-41.5,52.2000007629395,1.19999992847443,-37.0499992370605
"277",-84.466667,79.966667,-18.8708324432373,4.38333320617676,-37.0499992370605,142,31,2,85.2191314697266,83,6,75,6,6.82499980926514,13.0747127532959,1708.24401855469,10.6999998092651,-41.5,52.2000007629395,1.19999992847443,-37.0499992370605
"278",-84.466667,79.966667,-18.8708324432373,4.38333320617676,-37.0499992370605,142,31,2,85.2191314697266,83,6,75,6,6.82499980926514,13.0747127532959,1708.24401855469,10.6999998092651,-41.5,52.2000007629395,1.19999992847443,-37.0499992370605
"279",20.15,63.45,NA,NA,NA,NA,NA,NA,NA,NA,NA,NA,NA,NA,NA,NA,NA,NA,NA,NA,NA
"280",166,22,NA,NA,NA,NA,NA,NA,NA,NA,NA,NA,NA,NA,NA,NA,NA,NA,NA,NA,NA
"281",1.033333,41.35,11.3708333969116,19.4333324432373,4.38333320617676,657,76,27,25.6893081665039,203,131,136,142,10.3249998092651,37.4094200134277,620.03466796875,27.1000003814697,-0.5,27.6000003814697,12.3833332061768,19.2999992370605
"282",-1.15,48.383333,10.7583332061768,16.8166675567627,5.11666679382324,795,89,47,19.5955047607422,248,151,151,225,7.78333330154419,37.7831726074219,483.593719482422,22.5,1.89999997615814,20.6000003814697,8.31666660308838,16.8166675567627
"283",6.352913,48.717944,9.53749942779541,17.3333320617676,2.06666660308838,791,81,51,11.7575368881226,220,173,197,209,8.40833282470703,34.1802177429199,621.249206542969,23.5,-1.10000002384186,24.6000003814697,5.78333330154419,5.48333311080933
"284",5.677778,43.240278,13.4833335876465,20.716667175293,7.25,714,108,12,40.9964599609375,257,84,84,210,8.68333339691162,36.3319396972656,562.261413574219,27.1000003814697,3.20000004768372,23.8999996185303,10.6833333969116,20.716667175293
"285",5.677778,43.240278,13.4833335876465,20.716667175293,7.25,714,108,12,40.9964599609375,257,84,84,210,8.68333339691162,36.3319396972656,562.261413574219,27.1000003814697,3.20000004768372,23.8999996185303,10.6833333969116,20.716667175293
"286",5.677778,43.240278,13.4833335876465,20.716667175293,7.25,714,108,12,40.9964599609375,257,84,84,210,8.68333339691162,36.3319396972656,562.261413574219,27.1000003814697,3.20000004768372,23.8999996185303,10.6833333969116,20.716667175293
"287",-0.978,51.57,9.4583330154419,15.5833330154419,4.13333320617676,766,79,46,17.021728515625,232,164,166,209,7.53333330154419,36.7479705810547,473.832702636719,21.3999996185303,0.899999976158142,20.5,5,13.8500003814697
"288",174.9667,-41.35,11.4916667938232,15.4333333969116,7.56666660308838,1522,163,84,21.9335536956787,471,287,287,428,6.5,42.4836616516113,319.508392333984,19.6000003814697,4.30000019073486,15.3000001907349,8.26666641235352,15.4333333969116
"289",174.9667,-41.35,11.4916667938232,15.4333333969116,7.56666660308838,1522,163,84,21.9335536956787,471,287,287,428,6.5,42.4836616516113,319.508392333984,19.6000003814697,4.30000019073486,15.3000001907349,8.26666641235352,15.4333333969116
"290",174.9667,-41.35,11.4916667938232,15.4333333969116,7.56666660308838,1522,163,84,21.9335536956787,471,287,287,428,6.5,42.4836616516113,319.508392333984,19.6000003814697,4.30000019073486,15.3000001907349,8.26666641235352,15.4333333969116
"291",-79.844333,9.160642,26.1333332061768,27.0666656494141,25.4333343505859,2213,329,15,62.9668655395508,861,78,393,677,5.75,73.7179336547852,66.5149765014648,30.1000003814697,22.2999992370605,7.80000114440918,25.5499992370605,26.2666664123535
"292",-2.863333,37.3825,8.11250019073486,18.0499992370605,-0.0833333358168602,728,89,11,46.6792182922363,262,57,63,254,12.4250001907349,36.8694343566895,745.386169433594,28.6000003814697,-5.09999990463257,33.7000007629395,0.949999988079071,17.7666664123535
"293",-2.863333,37.3825,8.11250019073486,18.0499992370605,-0.0833333358168602,728,89,11,46.6792182922363,262,57,63,254,12.4250001907349,36.8694343566895,745.386169433594,28.6000003814697,-5.09999990463257,33.7000007629395,0.949999988079071,17.7666664123535
"294",-2.863333,37.3825,8.11250019073486,18.0499992370605,-0.0833333358168602,728,89,11,46.6792182922363,262,57,63,254,12.4250001907349,36.8694343566895,745.386169433594,28.6000003814697,-5.09999990463257,33.7000007629395,0.949999988079071,17.7666664123535
"295",-2.863333,37.3825,8.11250019073486,18.0499992370605,-0.0833333358168602,728,89,11,46.6792182922363,262,57,63,254,12.4250001907349,36.8694343566895,745.386169433594,28.6000003814697,-5.09999990463257,33.7000007629395,0.949999988079071,17.7666664123535
"296",-2.863333,37.3825,8.11250019073486,18.0499992370605,-0.0833333358168602,728,89,11,46.6792182922363,262,57,63,254,12.4250001907349,36.8694343566895,745.386169433594,28.6000003814697,-5.09999990463257,33.7000007629395,0.949999988079071,17.7666664123535
"297",-2.863333,37.3825,8.11250019073486,18.0499992370605,-0.0833333358168602,728,89,11,46.6792182922363,262,57,63,254,12.4250001907349,36.8694343566895,745.386169433594,28.6000003814697,-5.09999990463257,33.7000007629395,0.949999988079071,17.7666664123535
"298",140.583333,42,7.34583330154419,18.4833335876465,-3.54999995231628,1342,173,76,29.5824890136719,486,246,486,262,6.54166650772095,20.9668807983398,898.155822753906,23.2999992370605,-7.90000009536743,31.1999988555908,18.4833335876465,-3.33333325386047
"299",21.06,52.02,7.8125,16.9833335876465,-1.5,526,74,23,37.3574409484863,202,76,202,84,8.25833320617676,29.4940490722656,752.701538085938,22.7999992370605,-5.19999980926514,28,16.9833335876465,-0.48333328962326
"300",21.06,52.02,7.8125,16.9833335876465,-1.5,526,74,23,37.3574409484863,202,76,202,84,8.25833320617676,29.4940490722656,752.701538085938,22.7999992370605,-5.19999980926514,28,16.9833335876465,-0.48333328962326
"301",21.06,52.02,7.8125,16.9833335876465,-1.5,526,74,23,37.3574409484863,202,76,202,84,8.25833320617676,29.4940490722656,752.701538085938,22.7999992370605,-5.19999980926514,28,16.9833335876465,-0.48333328962326
"302",12.433333,63.25,1.34999990463257,10.4333333969116,-6.75,690,91,35,30.9285354614258,246,112,233,152,7.68333339691162,28.2475490570068,705.323913574219,16.1000003814697,-11.1000003814697,27.2000007629395,9.40000057220459,0.149999856948853
"303",-1.986111,40.030556,10.845832824707,19.7999992370605,3.40000009536743,541,66,19,31.9250717163086,170,80,88,147,12.6083335876465,39.899787902832,676.536804199219,29.5,-2.09999990463257,31.6000003814697,12.5666666030884,19.6166667938232
"304",-67.8749,-54.37,5.1749997138977,9.35000038146973,0.599999964237213,414,43,24,18.6272106170654,123,74,108,99,6.7999997138977,42.2360229492188,353.974182128906,13.6999998092651,-2.40000009536743,16.1000003814697,5.25,3.43333339691162
"305",-67.8749,-54.37,5.1749997138977,9.35000038146973,0.599999964237213,414,43,24,18.6272106170654,123,74,108,99,6.7999997138977,42.2360229492188,353.974182128906,13.6999998092651,-2.40000009536743,16.1000003814697,5.25,3.43333339691162
"306",-67.8749,-54.37,5.1749997138977,9.35000038146973,0.599999964237213,414,43,24,18.6272106170654,123,74,108,99,6.7999997138977,42.2360229492188,353.974182128906,13.6999998092651,-2.40000009536743,16.1000003814697,5.25,3.43333339691162
"307",10.45,51.083333,7.49166631698608,15.4333324432373,-0.116666674613953,870,90,55,12.93980884552,236,191,236,220,7.41666650772095,30.7745513916016,636.420471191406,20.7999992370605,-3.29999995231628,24.0999984741211,15.4333324432373,2.9833333492279
"308",10.45,51.083333,7.49166631698608,15.4333324432373,-0.116666674613953,870,90,55,12.93980884552,236,191,236,220,7.41666650772095,30.7745513916016,636.420471191406,20.7999992370605,-3.29999995231628,24.0999984741211,15.4333324432373,2.9833333492279
"309",10.45,51.083333,7.49166631698608,15.4333324432373,-0.116666674613953,870,90,55,12.93980884552,236,191,236,220,7.41666650772095,30.7745513916016,636.420471191406,20.7999992370605,-3.29999995231628,24.0999984741211,15.4333324432373,2.9833333492279
"310",-150.416667,63.683333,-3.46250009536743,11.25,-16.3833332061768,540,97,23,58.1699485778809,251,70,247,83,10.6083335876465,25.4396476745605,1154.53479003906,18.7999992370605,-22.8999996185303,41.6999969482422,9.26666641235352,-10.6000003814697
"311",1.159032,41.270688,13.9833335876465,21.3833332061768,7.53333330154419,559,71,16,32.5877799987793,192,102,123,112,9.76666641235352,38.6034240722656,570.782287597656,27.7999992370605,2.5,25.2999992370605,15.0166664123535,21.216667175293
"312",-8.533333,42.883333,13.3625001907349,18.466667175293,8.88333320617676,1644,237,36,46.7673377990723,644,159,194,644,8.02499961853027,43.3783798217773,391.460693359375,23.8999996185303,5.40000009536743,18.5,9.60000038146973,18.2333335876465
"313",-87.061,31.023,18.5833339691162,26.283332824707,10.4166669845581,1664,179,83,19.4131336212158,490,324,490,411,13.2333335876465,44.5566787719727,649.738891601562,32.7999992370605,3.09999990463257,29.6999988555908,26.283332824707,14.7333335876465
"314",-87.041,31.018,18.5791664123535,26.283332824707,10.4000005722046,1659,179,83,19.4369812011719,490,324,490,408,13.2250003814697,44.528621673584,650.28125,32.7999992370605,3.09999990463257,29.6999988555908,26.283332824707,14.716667175293
"315",-86.81,30.843,18.7958335876465,26.4500007629395,10.6333332061768,1622,186,84,21.3327007293701,507,312,507,390,12.3583335876465,42.7623977661133,646.762756347656,32.5,3.59999990463257,28.8999996185303,26.4500007629395,14.9833335876465
"316",-86.589,30.678,19.1208324432373,26.75,10.9666662216187,1614,189,87,22.5160980224609,518,311,518,381,11.8916664123535,41.8720664978027,646.376098632812,32.5,4.09999990463257,28.3999996185303,26.75,15.4499998092651
"317",-86.423,30.563,19.1333332061768,26.7000007629395,10.9833335876465,1629,195,90,24.0360012054443,535,311,535,374,11.75,41.5194320678711,644.925415039062,32.4000015258789,4.09999990463257,28.3000011444092,26.7000007629395,15.6499996185303
"318",-84.473,31.249,19.0416660308838,26.8333339691162,10.6166667938232,1349,147,59,24.2296257019043,411,226,395,379,13.2166662216187,43.9091911315918,661.519714355469,33.5,3.40000009536743,30.1000003814697,11.8833332061768,20.033332824707
"319",-87.061,31.023,18.5833339691162,26.283332824707,10.4166669845581,1664,179,83,19.4131336212158,490,324,490,411,13.2333335876465,44.5566787719727,649.738891601562,32.7999992370605,3.09999990463257,29.6999988555908,26.283332824707,14.7333335876465
"320",-87.041,31.018,18.5791664123535,26.283332824707,10.4000005722046,1659,179,83,19.4369812011719,490,324,490,408,13.2250003814697,44.528621673584,650.28125,32.7999992370605,3.09999990463257,29.6999988555908,26.283332824707,14.716667175293
"321",-86.81,30.843,18.7958335876465,26.4500007629395,10.6333332061768,1622,186,84,21.3327007293701,507,312,507,390,12.3583335876465,42.7623977661133,646.762756347656,32.5,3.59999990463257,28.8999996185303,26.4500007629395,14.9833335876465
"322",-86.589,30.678,19.1208324432373,26.75,10.9666662216187,1614,189,87,22.5160980224609,518,311,518,381,11.8916664123535,41.8720664978027,646.376098632812,32.5,4.09999990463257,28.3999996185303,26.75,15.4499998092651
"323",-86.423,30.563,19.1333332061768,26.7000007629395,10.9833335876465,1629,195,90,24.0360012054443,535,311,535,374,11.75,41.5194320678711,644.925415039062,32.4000015258789,4.09999990463257,28.3000011444092,26.7000007629395,15.6499996185303
"324",-84.473,31.249,19.0416660308838,26.8333339691162,10.6166667938232,1349,147,59,24.2296257019043,411,226,395,379,13.2166662216187,43.9091911315918,661.519714355469,33.5,3.40000009536743,30.1000003814697,11.8833332061768,20.033332824707
"325",-87.061,31.023,18.5833339691162,26.283332824707,10.4166669845581,1664,179,83,19.4131336212158,490,324,490,411,13.2333335876465,44.5566787719727,649.738891601562,32.7999992370605,3.09999990463257,29.6999988555908,26.283332824707,14.7333335876465
"326",-87.041,31.018,18.5791664123535,26.283332824707,10.4000005722046,1659,179,83,19.4369812011719,490,324,490,408,13.2250003814697,44.528621673584,650.28125,32.7999992370605,3.09999990463257,29.6999988555908,26.283332824707,14.716667175293
"327",-86.81,30.843,18.7958335876465,26.4500007629395,10.6333332061768,1622,186,84,21.3327007293701,507,312,507,390,12.3583335876465,42.7623977661133,646.762756347656,32.5,3.59999990463257,28.8999996185303,26.4500007629395,14.9833335876465
"328",-86.589,30.678,19.1208324432373,26.75,10.9666662216187,1614,189,87,22.5160980224609,518,311,518,381,11.8916664123535,41.8720664978027,646.376098632812,32.5,4.09999990463257,28.3999996185303,26.75,15.4499998092651
"329",-86.423,30.563,19.1333332061768,26.7000007629395,10.9833335876465,1629,195,90,24.0360012054443,535,311,535,374,11.75,41.5194320678711,644.925415039062,32.4000015258789,4.09999990463257,28.3000011444092,26.7000007629395,15.6499996185303
"330",-84.473,31.249,19.0416660308838,26.8333339691162,10.6166667938232,1349,147,59,24.2296257019043,411,226,395,379,13.2166662216187,43.9091911315918,661.519714355469,33.5,3.40000009536743,30.1000003814697,11.8833332061768,20.033332824707
"331",-121.776944,46.7975,3.22499990463257,10.5500001907349,-2.75,2465,389,48,58.7795791625977,1117,211,217,1030,8.48333358764648,35.0550956726074,548.019165039062,17.7000007629395,-6.5,24.2000007629395,-2.21666669845581,9.8333330154419
"332",-121.776944,46.7975,3.22499990463257,10.5500001907349,-2.75,2465,389,48,58.7795791625977,1117,211,217,1030,8.48333358764648,35.0550956726074,548.019165039062,17.7000007629395,-6.5,24.2000007629395,-2.21666669845581,9.8333330154419
"333",-106.3636,35.25377,10.1541662216187,20.4833335876465,0.35000005364418,393,64,21,44.8132858276367,168,68,149,68,15.1083335876465,40.7232704162598,817.886535644531,29.8999996185303,-7.19999980926514,37.0999984741211,19.533332824707,0.35000005364418
"334",-106.465,36.49465,6.71250009536743,16.9500007629395,-3.53333330154419,485,77,28,36.2166938781738,186,87,168,98,17.408332824707,42.5631637573242,836.361511230469,27.8999996185303,-13,40.9000015258789,16.783332824707,9.71666622161865
"335",-106.4936,36.39421,8.10833358764648,18.3833332061768,-2.25,353,64,17,49.987117767334,157,52,140,52,17.1333332061768,41.993465423584,841.059509277344,29.1000003814697,-11.6999998092651,40.7999992370605,18.1833343505859,-2.25
"336",-108.6322,37.86136,7.85833358764648,18.7666664123535,-2.41666650772095,407,46,17,26.7120952606201,134,71,107,88,15.2666664123535,38.649787902832,862.756774902344,29.1000003814697,-10.3999996185303,39.5,18.1166667938232,11.5666666030884
"337",-108.5926,37.88124,8.99166679382324,20.2000007629395,-1.66666662693024,366,44,15,29.5177574157715,127,67,96,74,16.1333332061768,39.3495941162109,887.895446777344,31,-10,41,15.4333333969116,12.9499998092651
"338",-107.6095,38.73617,8.69583320617676,20.2000007629395,-2.86666655540466,325,33,19,15.4437494277954,97,72,81,73,17.2416667938232,39.819091796875,927.644775390625,31.7000007629395,-11.6000003814697,43.3000030517578,15.3999996185303,3.4833333492279
"339",-107.5902,38.61957,6.14583349227905,17.466667175293,-5.34999990463257,330,39,19,23.1540279388428,111,65,97,68,18.2916660308838,41.4777030944824,920.381469726562,29.2999992370605,-14.8000001907349,44.0999984741211,16.8333339691162,0.583333492279053
"340",-108.0695,38.37767,6.29583358764648,16.9333343505859,-3.93333315849304,416,49,24,25.4264316558838,143,79,122,79,16.3583335876465,40.4909248352051,852.785461425781,27.7000007629395,-12.6999998092651,40.4000015258789,16.466667175293,-3.93333315849304
"341",-108.019,38.45162,9.3125,20.7333335876465,-1.84999990463257,286,34,13,29.8803367614746,99,47,83,47,15.8916664123535,38.4786109924316,912.021057128906,31.3999996185303,-9.89999961853027,41.2999992370605,19.8333339691162,-1.84999990463257
"342",-108.57,38.12932,8.49583339691162,19.5499992370605,-1.78333342075348,384,44,18,27.8931579589844,131,71,106,77,16.0750007629395,39.7896041870117,870.07958984375,30.2000007629395,-10.1999998092651,40.4000015258789,18.9166660308838,12.1000003814697
"343",-108.5043,38.11781,9.05833339691162,20.4333324432373,-1.93333327770233,347,40,16,28.9113502502441,119,66,95,66,16.4166660308838,39.2743225097656,905.500427246094,31.2999992370605,-10.5,41.7999992370605,15.5833339691162,13.1999998092651
"344",-106.3636,35.25377,10.1541662216187,20.4833335876465,0.35000005364418,393,64,21,44.8132858276367,168,68,149,68,15.1083335876465,40.7232704162598,817.886535644531,29.8999996185303,-7.19999980926514,37.0999984741211,19.533332824707,0.35000005364418
"345",-106.465,36.49465,6.71250009536743,16.9500007629395,-3.53333330154419,485,77,28,36.2166938781738,186,87,168,98,17.408332824707,42.5631637573242,836.361511230469,27.8999996185303,-13,40.9000015258789,16.783332824707,9.71666622161865
"346",-106.4936,36.39421,8.10833358764648,18.3833332061768,-2.25,353,64,17,49.987117767334,157,52,140,52,17.1333332061768,41.993465423584,841.059509277344,29.1000003814697,-11.6999998092651,40.7999992370605,18.1833343505859,-2.25
"347",-108.6322,37.86136,7.85833358764648,18.7666664123535,-2.41666650772095,407,46,17,26.7120952606201,134,71,107,88,15.2666664123535,38.649787902832,862.756774902344,29.1000003814697,-10.3999996185303,39.5,18.1166667938232,11.5666666030884
"348",-108.5926,37.88124,8.99166679382324,20.2000007629395,-1.66666662693024,366,44,15,29.5177574157715,127,67,96,74,16.1333332061768,39.3495941162109,887.895446777344,31,-10,41,15.4333333969116,12.9499998092651
"349",-107.6095,38.73617,8.69583320617676,20.2000007629395,-2.86666655540466,325,33,19,15.4437494277954,97,72,81,73,17.2416667938232,39.819091796875,927.644775390625,31.7000007629395,-11.6000003814697,43.3000030517578,15.3999996185303,3.4833333492279
"350",-107.5902,38.61957,6.14583349227905,17.466667175293,-5.34999990463257,330,39,19,23.1540279388428,111,65,97,68,18.2916660308838,41.4777030944824,920.381469726562,29.2999992370605,-14.8000001907349,44.0999984741211,16.8333339691162,0.583333492279053
"351",-108.0695,38.37767,6.29583358764648,16.9333343505859,-3.93333315849304,416,49,24,25.4264316558838,143,79,122,79,16.3583335876465,40.4909248352051,852.785461425781,27.7000007629395,-12.6999998092651,40.4000015258789,16.466667175293,-3.93333315849304
"352",-108.019,38.45162,9.3125,20.7333335876465,-1.84999990463257,286,34,13,29.8803367614746,99,47,83,47,15.8916664123535,38.4786109924316,912.021057128906,31.3999996185303,-9.89999961853027,41.2999992370605,19.8333339691162,-1.84999990463257
"353",-108.57,38.12932,8.49583339691162,19.5499992370605,-1.78333342075348,384,44,18,27.8931579589844,131,71,106,77,16.0750007629395,39.7896041870117,870.07958984375,30.2000007629395,-10.1999998092651,40.4000015258789,18.9166660308838,12.1000003814697
"354",-108.5043,38.11781,9.05833339691162,20.4333324432373,-1.93333327770233,347,40,16,28.9113502502441,119,66,95,66,16.4166660308838,39.2743225097656,905.500427246094,31.2999992370605,-10.5,41.7999992370605,15.5833339691162,13.1999998092651
"355",-106.3636,35.25377,10.1541662216187,20.4833335876465,0.35000005364418,393,64,21,44.8132858276367,168,68,149,68,15.1083335876465,40.7232704162598,817.886535644531,29.8999996185303,-7.19999980926514,37.0999984741211,19.533332824707,0.35000005364418
"356",-106.465,36.49465,6.71250009536743,16.9500007629395,-3.53333330154419,485,77,28,36.2166938781738,186,87,168,98,17.408332824707,42.5631637573242,836.361511230469,27.8999996185303,-13,40.9000015258789,16.783332824707,9.71666622161865
"357",-106.4936,36.39421,8.10833358764648,18.3833332061768,-2.25,353,64,17,49.987117767334,157,52,140,52,17.1333332061768,41.993465423584,841.059509277344,29.1000003814697,-11.6999998092651,40.7999992370605,18.1833343505859,-2.25
"358",-108.6322,37.86136,7.85833358764648,18.7666664123535,-2.41666650772095,407,46,17,26.7120952606201,134,71,107,88,15.2666664123535,38.649787902832,862.756774902344,29.1000003814697,-10.3999996185303,39.5,18.1166667938232,11.5666666030884
"359",-108.5926,37.88124,8.99166679382324,20.2000007629395,-1.66666662693024,366,44,15,29.5177574157715,127,67,96,74,16.1333332061768,39.3495941162109,887.895446777344,31,-10,41,15.4333333969116,12.9499998092651
"360",-107.6095,38.73617,8.69583320617676,20.2000007629395,-2.86666655540466,325,33,19,15.4437494277954,97,72,81,73,17.2416667938232,39.819091796875,927.644775390625,31.7000007629395,-11.6000003814697,43.3000030517578,15.3999996185303,3.4833333492279
"361",-107.5902,38.61957,6.14583349227905,17.466667175293,-5.34999990463257,330,39,19,23.1540279388428,111,65,97,68,18.2916660308838,41.4777030944824,920.381469726562,29.2999992370605,-14.8000001907349,44.0999984741211,16.8333339691162,0.583333492279053
"362",-108.0695,38.37767,6.29583358764648,16.9333343505859,-3.93333315849304,416,49,24,25.4264316558838,143,79,122,79,16.3583335876465,40.4909248352051,852.785461425781,27.7000007629395,-12.6999998092651,40.4000015258789,16.466667175293,-3.93333315849304
"363",-108.019,38.45162,9.3125,20.7333335876465,-1.84999990463257,286,34,13,29.8803367614746,99,47,83,47,15.8916664123535,38.4786109924316,912.021057128906,31.3999996185303,-9.89999961853027,41.2999992370605,19.8333339691162,-1.84999990463257
"364",-108.57,38.12932,8.49583339691162,19.5499992370605,-1.78333342075348,384,44,18,27.8931579589844,131,71,106,77,16.0750007629395,39.7896041870117,870.07958984375,30.2000007629395,-10.1999998092651,40.4000015258789,18.9166660308838,12.1000003814697
"365",-108.5043,38.11781,9.05833339691162,20.4333324432373,-1.93333327770233,347,40,16,28.9113502502441,119,66,95,66,16.4166660308838,39.2743225097656,905.500427246094,31.2999992370605,-10.5,41.7999992370605,15.5833339691162,13.1999998092651
"366",-108,38,5.88333320617676,16.1166667938232,-4.03333330154419,495,57,26,23.258960723877,163,97,138,97,16.3333339691162,41.6666679382324,822.684997558594,26.5,-12.6999998092651,39.2000007629395,15.5666666030884,-4.03333330154419
"367",-108,38,5.88333320617676,16.1166667938232,-4.03333330154419,495,57,26,23.258960723877,163,97,138,97,16.3333339691162,41.6666679382324,822.684997558594,26.5,-12.6999998092651,39.2000007629395,15.5666666030884,-4.03333330154419
"368",-108,38,5.88333320617676,16.1166667938232,-4.03333330154419,495,57,26,23.258960723877,163,97,138,97,16.3333339691162,41.6666679382324,822.684997558594,26.5,-12.6999998092651,39.2000007629395,15.5666666030884,-4.03333330154419
"369",-121.563592,36.37932,12.9333333969116,18.2666664123535,8.61666679382324,671,128,2,90.8084869384766,355,9,15,355,13.8333330154419,55.7795677185059,396.973419189453,27,2.20000004768372,24.7999992370605,8.94999980926514,17.4166660308838
"370",-121.563592,36.37932,12.9333333969116,18.2666664123535,8.61666679382324,671,128,2,90.8084869384766,355,9,15,355,13.8333330154419,55.7795677185059,396.973419189453,27,2.20000004768372,24.7999992370605,8.94999980926514,17.4166660308838
"371",-121.563592,36.37932,12.9333333969116,18.2666664123535,8.61666679382324,671,128,2,90.8084869384766,355,9,15,355,13.8333330154419,55.7795677185059,396.973419189453,27,2.20000004768372,24.7999992370605,8.94999980926514,17.4166660308838
"372",-121.563592,36.37932,12.9333333969116,18.2666664123535,8.61666679382324,671,128,2,90.8084869384766,355,9,15,355,13.8333330154419,55.7795677185059,396.973419189453,27,2.20000004768372,24.7999992370605,8.94999980926514,17.4166660308838
"373",-121.563592,36.37932,12.9333333969116,18.2666664123535,8.61666679382324,671,128,2,90.8084869384766,355,9,15,355,13.8333330154419,55.7795677185059,396.973419189453,27,2.20000004768372,24.7999992370605,8.94999980926514,17.4166660308838
"374",-121.563592,36.37932,12.9333333969116,18.2666664123535,8.61666679382324,671,128,2,90.8084869384766,355,9,15,355,13.8333330154419,55.7795677185059,396.973419189453,27,2.20000004768372,24.7999992370605,8.94999980926514,17.4166660308838
"375",-121.563592,36.37932,12.9333333969116,18.2666664123535,8.61666679382324,671,128,2,90.8084869384766,355,9,15,355,13.8333330154419,55.7795677185059,396.973419189453,27,2.20000004768372,24.7999992370605,8.94999980926514,17.4166660308838
"376",-121.563592,36.37932,12.9333333969116,18.2666664123535,8.61666679382324,671,128,2,90.8084869384766,355,9,15,355,13.8333330154419,55.7795677185059,396.973419189453,27,2.20000004768372,24.7999992370605,8.94999980926514,17.4166660308838
"377",-121.563592,36.37932,12.9333333969116,18.2666664123535,8.61666679382324,671,128,2,90.8084869384766,355,9,15,355,13.8333330154419,55.7795677185059,396.973419189453,27,2.20000004768372,24.7999992370605,8.94999980926514,17.4166660308838
"378",-121.563592,36.37932,12.9333333969116,18.2666664123535,8.61666679382324,671,128,2,90.8084869384766,355,9,15,355,13.8333330154419,55.7795677185059,396.973419189453,27,2.20000004768372,24.7999992370605,8.94999980926514,17.4166660308838
"379",-6.265678,43.093405,9.82083320617676,16.4833335876465,3.96666669845581,1102,130,46,32.5755310058594,377,154,161,343,9.24166679382324,39.8347702026367,515.185119628906,23.1000003814697,-0.100000001490116,23.2000007629395,7.19999980926514,16.3666667938232
"380",-6.5,39.5,16.0625,24.7333335876465,8.60000038146973,549,86,7,55.3760604858398,234,38,42,201,11.3583335876465,37.6103782653809,663.739807128906,33.7999992370605,3.59999990463257,30.1999988555908,9.43333339691162,24.6666660308838
"381",-71.274778,-38.815722,6.89166688919067,12.533332824707,1.33333337306976,1233,223,25,67.3359680175781,607,103,103,585,13.0166664123535,52.9132804870605,452.778442382812,21.5,-3.09999990463257,24.6000003814697,2.13333320617676,12.533332824707
"382",-71.183083,-38.794944,5.79166650772095,11.75,-0.0999999865889549,1087,196,20,66.6205825805664,531,88,88,512,13.7666664123535,52.9487190246582,478.799774169922,21.3999996185303,-4.59999990463257,26,0.76666671037674,11.75
"383",-71.274778,-38.815722,6.89166688919067,12.533332824707,1.33333337306976,1233,223,25,67.3359680175781,607,103,103,585,13.0166664123535,52.9132804870605,452.778442382812,21.5,-3.09999990463257,24.6000003814697,2.13333320617676,12.533332824707
"384",-71.183083,-38.794944,5.79166650772095,11.75,-0.0999999865889549,1087,196,20,66.6205825805664,531,88,88,512,13.7666664123535,52.9487190246582,478.799774169922,21.3999996185303,-4.59999990463257,26,0.76666671037674,11.75
"385",-71.274778,-38.815722,6.89166688919067,12.533332824707,1.33333337306976,1233,223,25,67.3359680175781,607,103,103,585,13.0166664123535,52.9132804870605,452.778442382812,21.5,-3.09999990463257,24.6000003814697,2.13333320617676,12.533332824707
"386",-71.183083,-38.794944,5.79166650772095,11.75,-0.0999999865889549,1087,196,20,66.6205825805664,531,88,88,512,13.7666664123535,52.9487190246582,478.799774169922,21.3999996185303,-4.59999990463257,26,0.76666671037674,11.75
"387",-71.274778,-38.815722,6.89166688919067,12.533332824707,1.33333337306976,1233,223,25,67.3359680175781,607,103,103,585,13.0166664123535,52.9132804870605,452.778442382812,21.5,-3.09999990463257,24.6000003814697,2.13333320617676,12.533332824707
"388",-71.183083,-38.794944,5.79166650772095,11.75,-0.0999999865889549,1087,196,20,66.6205825805664,531,88,88,512,13.7666664123535,52.9487190246582,478.799774169922,21.3999996185303,-4.59999990463257,26,0.76666671037674,11.75
"389",-71.274778,-38.815722,6.89166688919067,12.533332824707,1.33333337306976,1233,223,25,67.3359680175781,607,103,103,585,13.0166664123535,52.9132804870605,452.778442382812,21.5,-3.09999990463257,24.6000003814697,2.13333320617676,12.533332824707
"390",-71.183083,-38.794944,5.79166650772095,11.75,-0.0999999865889549,1087,196,20,66.6205825805664,531,88,88,512,13.7666664123535,52.9487190246582,478.799774169922,21.3999996185303,-4.59999990463257,26,0.76666671037674,11.75
"391",-71.274778,-38.815722,6.89166688919067,12.533332824707,1.33333337306976,1233,223,25,67.3359680175781,607,103,103,585,13.0166664123535,52.9132804870605,452.778442382812,21.5,-3.09999990463257,24.6000003814697,2.13333320617676,12.533332824707
"392",-71.183083,-38.794944,5.79166650772095,11.75,-0.0999999865889549,1087,196,20,66.6205825805664,531,88,88,512,13.7666664123535,52.9487190246582,478.799774169922,21.3999996185303,-4.59999990463257,26,0.76666671037674,11.75
"393",-114.5,47,6.01666688919067,16.3500003814697,-3.75,347,45,21,27.8738861083984,115,65,97,83,13.5166664123535,37.0319633483887,814.910278320312,27.5,-9,36.5,13.6500005722046,1.34999990463257
"394",-114.5,47,6.01666688919067,16.3500003814697,-3.75,347,45,21,27.8738861083984,115,65,97,83,13.5166664123535,37.0319633483887,814.910278320312,27.5,-9,36.5,13.6500005722046,1.34999990463257
"395",30,-7,25.5249996185303,26.3666667938232,23.7999992370605,881,198,0,98.8829498291016,486,0,340,0,9.21666717529297,70.8974380493164,112.925964355469,31,18,13,26.1499996185303,23.7999992370605
"396",151.2,-33.6,16.9624996185303,21.3166675567627,12.1166667938232,1227,144,60,28.4869861602783,427,201,371,244,8.25833320617676,45.1275062561035,372.632690429688,25.3999996185303,7.09999990463257,18.2999992370605,21.25,12.783332824707
"397",5.8,43.3,12.5166664123535,19.8333339691162,6.18333339691162,767,112,15,38.5162811279297,273,97,97,222,8.98333358764648,36.8169403076172,568.939758300781,26.3999996185303,2,24.3999996185303,9.68333339691162,19.8333339691162
"398",5.8,43.3,12.5166664123535,19.8333339691162,6.18333339691162,767,112,15,38.5162811279297,273,97,97,222,8.98333358764648,36.8169403076172,568.939758300781,26.3999996185303,2,24.3999996185303,9.68333339691162,19.8333339691162
"399",5.8,43.3,12.5166664123535,19.8333339691162,6.18333339691162,767,112,15,38.5162811279297,273,97,97,222,8.98333358764648,36.8169403076172,568.939758300781,26.3999996185303,2,24.3999996185303,9.68333339691162,19.8333339691162
"400",5.343889,44.118056,8.30416679382324,16.1333332061768,1.45000004768372,1117,135,44,26.0883560180664,363,191,191,285,9.02499961853027,35.1167297363281,609.330688476562,23.1000003814697,-2.59999990463257,25.7000007629395,5.16666698455811,16.1333332061768
"401",5.343889,44.118056,8.30416679382324,16.1333332061768,1.45000004768372,1117,135,44,26.0883560180664,363,191,191,285,9.02499961853027,35.1167297363281,609.330688476562,23.1000003814697,-2.59999990463257,25.7000007629395,5.16666698455811,16.1333332061768
"402",5.343889,44.118056,8.30416679382324,16.1333332061768,1.45000004768372,1117,135,44,26.0883560180664,363,191,191,285,9.02499961853027,35.1167297363281,609.330688476562,23.1000003814697,-2.59999990463257,25.7000007629395,5.16666698455811,16.1333332061768
"403",115.425611,39.960111,6.48750019073486,19.6333332061768,-7.96666669845581,493,144,2,111.93090057373,333,9,333,9,12.125,29.2874393463135,1120.34716796875,25.7999992370605,-15.6000003814697,41.4000015258789,19.6333332061768,-7.96666669845581
"404",115.425611,39.960111,6.48750019073486,19.6333332061768,-7.96666669845581,493,144,2,111.93090057373,333,9,333,9,12.125,29.2874393463135,1120.34716796875,25.7999992370605,-15.6000003814697,41.4000015258789,19.6333332061768,-7.96666669845581
"405",115.425611,39.960111,6.48750019073486,19.6333332061768,-7.96666669845581,493,144,2,111.93090057373,333,9,333,9,12.125,29.2874393463135,1120.34716796875,25.7999992370605,-15.6000003814697,41.4000015258789,19.6333332061768,-7.96666669845581
"406",115.4251,39.9579,5.75833320617676,18.8999996185303,-8.61666679382324,504,145,3,109.726585388184,336,11,336,11,12.1000003814697,29.2978191375732,1117.18566894531,25.1000003814697,-16.2000007629395,41.3000030517578,18.8999996185303,-8.61666679382324
"407",115.4251,39.9579,5.75833320617676,18.8999996185303,-8.61666679382324,504,145,3,109.726585388184,336,11,336,11,12.1000003814697,29.2978191375732,1117.18566894531,25.1000003814697,-16.2000007629395,41.3000030517578,18.8999996185303,-8.61666679382324
"408",115.4251,39.9579,5.75833320617676,18.8999996185303,-8.61666679382324,504,145,3,109.726585388184,336,11,336,11,12.1000003814697,29.2978191375732,1117.18566894531,25.1000003814697,-16.2000007629395,41.3000030517578,18.8999996185303,-8.61666679382324
"409",13.427625,48.960139,5.07499980926514,12.9499998092651,-2.45000004768372,1372,154,86,19.5435256958008,395,291,394,378,7.38333320617676,31.0224094390869,638.234436035156,17.8999996185303,-5.90000009536743,23.7999992370605,-1.41666662693024,4.25
"410",13.427625,48.960139,5.07499980926514,12.9499998092651,-2.45000004768372,1372,154,86,19.5435256958008,395,291,394,378,7.38333320617676,31.0224094390869,638.234436035156,17.8999996185303,-5.90000009536743,23.7999992370605,-1.41666662693024,4.25
"411",-120.662781,38.909295,11.1750001907349,19.4166660308838,4.5,1537,286,7,82.8882141113281,774,36,47,774,13.6999998092651,45.514949798584,625.541564941406,29.2000007629395,-0.899999976158142,30.1000003814697,4.5,18.9166660308838
"412",-120.662781,38.909295,11.1750001907349,19.4166660308838,4.5,1537,286,7,82.8882141113281,774,36,47,774,13.6999998092651,45.514949798584,625.541564941406,29.2000007629395,-0.899999976158142,30.1000003814697,4.5,18.9166660308838
"413",21.516667,61.833333,4.54583311080933,14.6833333969116,-4.69999980926514,624,70,31,28.7387657165527,204,102,186,137,6.6749997138977,22.8595886230469,792.181823730469,19.8999996185303,-9.30000019073486,29.2000007629395,13.6833333969116,2.78333330154419
"414",-123.668148,48.728854,9.87083339691162,16.6333332061768,3.41666674613953,1187,206,22,70.1615829467773,600,86,88,525,9.47499942779541,39.4791641235352,543.956298828125,23.6000003814697,-0.400000005960464,24,3.93333315849304,16.5666675567627
"415",-123.668148,48.728854,9.87083339691162,16.6333332061768,3.41666674613953,1187,206,22,70.1615829467773,600,86,88,525,9.47499942779541,39.4791641235352,543.956298828125,23.6000003814697,-0.400000005960464,24,3.93333315849304,16.5666675567627
"416",-123.668148,48.728854,9.87083339691162,16.6333332061768,3.41666674613953,1187,206,22,70.1615829467773,600,86,88,525,9.47499942779541,39.4791641235352,543.956298828125,23.6000003814697,-0.400000005960464,24,3.93333315849304,16.5666675567627
"417",-123.668148,48.728854,9.87083339691162,16.6333332061768,3.41666674613953,1187,206,22,70.1615829467773,600,86,88,525,9.47499942779541,39.4791641235352,543.956298828125,23.6000003814697,-0.400000005960464,24,3.93333315849304,16.5666675567627
"418",-123.668148,48.728854,9.87083339691162,16.6333332061768,3.41666674613953,1187,206,22,70.1615829467773,600,86,88,525,9.47499942779541,39.4791641235352,543.956298828125,23.6000003814697,-0.400000005960464,24,3.93333315849304,16.5666675567627
"419",48.716667,55.916667,3.51250004768372,17.283332824707,-10.7333335876465,500,65,21,36.1069374084473,186,74,186,85,8.02499961853027,20.4719390869141,1145.30883789062,23.7000007629395,-15.5,39.2000007629395,17.283332824707,-9.26666641235352
"420",-121.718056,46.139167,4.9500002861023,12.4833335876465,-1.56666672229767,2061,343,31,64.8796615600586,979,148,159,915,9.64999961853027,36.6920127868652,579.956909179688,20.7000007629395,-5.59999990463257,26.3000011444092,-1.04999995231628,12.1500005722046
"421",-121.718056,46.139167,4.9500002861023,12.4833335876465,-1.56666672229767,2061,343,31,64.8796615600586,979,148,159,915,9.64999961853027,36.6920127868652,579.956909179688,20.7000007629395,-5.59999990463257,26.3000011444092,-1.04999995231628,12.1500005722046
"422",-121.718056,46.139167,4.9500002861023,12.4833335876465,-1.56666672229767,2061,343,31,64.8796615600586,979,148,159,915,9.64999961853027,36.6920127868652,579.956909179688,20.7000007629395,-5.59999990463257,26.3000011444092,-1.04999995231628,12.1500005722046
"423",-121.718056,46.139167,4.9500002861023,12.4833335876465,-1.56666672229767,2061,343,31,64.8796615600586,979,148,159,915,9.64999961853027,36.6920127868652,579.956909179688,20.7000007629395,-5.59999990463257,26.3000011444092,-1.04999995231628,12.1500005722046
"424",-121.921667,44.383333,5.53749990463257,13.4499998092651,-1.11666655540466,1884,316,27,65.0732955932617,893,136,141,832,12.658332824707,43.2025032043457,602.804504394531,23.6000003814697,-5.69999980926514,29.2999992370605,-0.51666659116745,13.0833330154419
"425",-121.921667,44.383333,5.53749990463257,13.4499998092651,-1.11666655540466,1884,316,27,65.0732955932617,893,136,141,832,12.658332824707,43.2025032043457,602.804504394531,23.6000003814697,-5.69999980926514,29.2999992370605,-0.51666659116745,13.0833330154419
"426",-121.921667,44.383333,5.53749990463257,13.4499998092651,-1.11666655540466,1884,316,27,65.0732955932617,893,136,141,832,12.658332824707,43.2025032043457,602.804504394531,23.6000003814697,-5.69999980926514,29.2999992370605,-0.51666659116745,13.0833330154419
"427",-121.921667,44.383333,5.53749990463257,13.4499998092651,-1.11666655540466,1884,316,27,65.0732955932617,893,136,141,832,12.658332824707,43.2025032043457,602.804504394531,23.6000003814697,-5.69999980926514,29.2999992370605,-0.51666659116745,13.0833330154419
"428",-121.718056,46.139167,4.9500002861023,12.4833335876465,-1.56666672229767,2061,343,31,64.8796615600586,979,148,159,915,9.64999961853027,36.6920127868652,579.956909179688,20.7000007629395,-5.59999990463257,26.3000011444092,-1.04999995231628,12.1500005722046
"429",-121.718056,46.139167,4.9500002861023,12.4833335876465,-1.56666672229767,2061,343,31,64.8796615600586,979,148,159,915,9.64999961853027,36.6920127868652,579.956909179688,20.7000007629395,-5.59999990463257,26.3000011444092,-1.04999995231628,12.1500005722046
"430",-121.718056,46.139167,4.9500002861023,12.4833335876465,-1.56666672229767,2061,343,31,64.8796615600586,979,148,159,915,9.64999961853027,36.6920127868652,579.956909179688,20.7000007629395,-5.59999990463257,26.3000011444092,-1.04999995231628,12.1500005722046
"431",-121.718056,46.139167,4.9500002861023,12.4833335876465,-1.56666672229767,2061,343,31,64.8796615600586,979,148,159,915,9.64999961853027,36.6920127868652,579.956909179688,20.7000007629395,-5.59999990463257,26.3000011444092,-1.04999995231628,12.1500005722046
"432",-121.856389,44.415833,4.88749980926514,12.9833335876465,-2.04999995231628,1857,312,27,65.1781692504883,882,137,141,822,12.6916666030884,42.3055572509766,619.380615234375,23.2999992370605,-6.69999980926514,30,-1.39999997615814,12.6499996185303
"433",-121.856389,44.415833,4.88749980926514,12.9833335876465,-2.04999995231628,1857,312,27,65.1781692504883,882,137,141,822,12.6916666030884,42.3055572509766,619.380615234375,23.2999992370605,-6.69999980926514,30,-1.39999997615814,12.6499996185303
"434",-121.856389,44.415833,4.88749980926514,12.9833335876465,-2.04999995231628,1857,312,27,65.1781692504883,882,137,141,822,12.6916666030884,42.3055572509766,619.380615234375,23.2999992370605,-6.69999980926514,30,-1.39999997615814,12.6499996185303
"435",-121.856389,44.415833,4.88749980926514,12.9833335876465,-2.04999995231628,1857,312,27,65.1781692504883,882,137,141,822,12.6916666030884,42.3055572509766,619.380615234375,23.2999992370605,-6.69999980926514,30,-1.39999997615814,12.6499996185303
"436",23.3,53.2,6.69166660308838,16.1833343505859,-2.73333334922791,584,83,25,34.7606010437012,217,89,217,97,8.43333339691162,29.5906429290771,774.020874023438,22.2000007629395,-6.30000019073486,28.5,16.1833343505859,-1.90000009536743
"437",23.3,53.2,6.69166660308838,16.1833343505859,-2.73333334922791,584,83,25,34.7606010437012,217,89,217,97,8.43333339691162,29.5906429290771,774.020874023438,22.2000007629395,-6.30000019073486,28.5,16.1833343505859,-1.90000009536743
"438",23.3,53.2,6.69166660308838,16.1833343505859,-2.73333334922791,584,83,25,34.7606010437012,217,89,217,97,8.43333339691162,29.5906429290771,774.020874023438,22.2000007629395,-6.30000019073486,28.5,16.1833343505859,-1.90000009536743
"439",23.3,53.2,6.69166660308838,16.1833343505859,-2.73333334922791,584,83,25,34.7606010437012,217,89,217,97,8.43333339691162,29.5906429290771,774.020874023438,22.2000007629395,-6.30000019073486,28.5,16.1833343505859,-1.90000009536743
"440",-82.661764,35.474949,11.6000003814697,20.2000007629395,2.58333325386047,1513,152,108,9.36154937744141,404,349,391,369,12.466667175293,39.8296051025391,713.929565429688,26.8999996185303,-4.40000009536743,31.2999992370605,11.2166662216187,12.3999996185303
"441",-82.661764,35.474949,11.6000003814697,20.2000007629395,2.58333325386047,1513,152,108,9.36154937744141,404,349,391,369,12.466667175293,39.8296051025391,713.929565429688,26.8999996185303,-4.40000009536743,31.2999992370605,11.2166662216187,12.3999996185303
"442",-82.661764,35.474949,11.6000003814697,20.2000007629395,2.58333325386047,1513,152,108,9.36154937744141,404,349,391,369,12.466667175293,39.8296051025391,713.929565429688,26.8999996185303,-4.40000009536743,31.2999992370605,11.2166662216187,12.3999996185303
"443",-82.661764,35.474949,11.6000003814697,20.2000007629395,2.58333325386047,1513,152,108,9.36154937744141,404,349,391,369,12.466667175293,39.8296051025391,713.929565429688,26.8999996185303,-4.40000009536743,31.2999992370605,11.2166662216187,12.3999996185303
"444",-82.661764,35.474949,11.6000003814697,20.2000007629395,2.58333325386047,1513,152,108,9.36154937744141,404,349,391,369,12.466667175293,39.8296051025391,713.929565429688,26.8999996185303,-4.40000009536743,31.2999992370605,11.2166662216187,12.3999996185303
"445",-82.661764,35.474949,11.6000003814697,20.2000007629395,2.58333325386047,1513,152,108,9.36154937744141,404,349,391,369,12.466667175293,39.8296051025391,713.929565429688,26.8999996185303,-4.40000009536743,31.2999992370605,11.2166662216187,12.3999996185303
"446",-82.661764,35.474949,11.6000003814697,20.2000007629395,2.58333325386047,1513,152,108,9.36154937744141,404,349,391,369,12.466667175293,39.8296051025391,713.929565429688,26.8999996185303,-4.40000009536743,31.2999992370605,11.2166662216187,12.3999996185303
"447",-82.661764,35.474949,11.6000003814697,20.2000007629395,2.58333325386047,1513,152,108,9.36154937744141,404,349,391,369,12.466667175293,39.8296051025391,713.929565429688,26.8999996185303,-4.40000009536743,31.2999992370605,11.2166662216187,12.3999996185303
"448",-82.958177,35.962319,12.7375001907349,21.783332824707,3.28333330154419,1152,114,66,14.4128923416138,326,235,316,281,13.3916664123535,40.7041549682617,748.948120117188,29.1000003814697,-3.79999995231628,32.9000015258789,19.9166660308838,13.5666666030884
"449",-82.958177,35.962319,12.7375001907349,21.783332824707,3.28333330154419,1152,114,66,14.4128923416138,326,235,316,281,13.3916664123535,40.7041549682617,748.948120117188,29.1000003814697,-3.79999995231628,32.9000015258789,19.9166660308838,13.5666666030884
"450",-82.958177,35.962319,12.7375001907349,21.783332824707,3.28333330154419,1152,114,66,14.4128923416138,326,235,316,281,13.3916664123535,40.7041549682617,748.948120117188,29.1000003814697,-3.79999995231628,32.9000015258789,19.9166660308838,13.5666666030884
"451",-82.958177,35.962319,12.7375001907349,21.783332824707,3.28333330154419,1152,114,66,14.4128923416138,326,235,316,281,13.3916664123535,40.7041549682617,748.948120117188,29.1000003814697,-3.79999995231628,32.9000015258789,19.9166660308838,13.5666666030884
"452",-82.958177,35.962319,12.7375001907349,21.783332824707,3.28333330154419,1152,114,66,14.4128923416138,326,235,316,281,13.3916664123535,40.7041549682617,748.948120117188,29.1000003814697,-3.79999995231628,32.9000015258789,19.9166660308838,13.5666666030884
"453",-84.698646,34.941043,14.1708335876465,23.3333339691162,4.53333330154419,1503,161,95,13.9995679855347,435,316,352,409,12.841667175293,39.3916168212891,759.615478515625,30.5,-2.09999990463257,32.5999984741211,6.05000019073486,19.6333332061768
"454",-84.698646,34.941043,14.1708335876465,23.3333339691162,4.53333330154419,1503,161,95,13.9995679855347,435,316,352,409,12.841667175293,39.3916168212891,759.615478515625,30.5,-2.09999990463257,32.5999984741211,6.05000019073486,19.6333332061768
"455",-84.698646,34.941043,14.1708335876465,23.3333339691162,4.53333330154419,1503,161,95,13.9995679855347,435,316,352,409,12.841667175293,39.3916168212891,759.615478515625,30.5,-2.09999990463257,32.5999984741211,6.05000019073486,19.6333332061768
"456",-82.644958,35.477545,12.4499998092651,21.3333339691162,3.2333333492279,1340,136,92,10.9121618270874,361,299,353,329,13.2166662216187,40.792179107666,731.825256347656,28.5,-3.90000009536743,32.4000015258789,4.59999990463257,13.1333332061768
"457",-82.644958,35.477545,12.4499998092651,21.3333339691162,3.2333333492279,1340,136,92,10.9121618270874,361,299,353,329,13.2166662216187,40.792179107666,731.825256347656,28.5,-3.90000009536743,32.4000015258789,4.59999990463257,13.1333332061768
"458",-82.644958,35.477545,12.4499998092651,21.3333339691162,3.2333333492279,1340,136,92,10.9121618270874,361,299,353,329,13.2166662216187,40.792179107666,731.825256347656,28.5,-3.90000009536743,32.4000015258789,4.59999990463257,13.1333332061768
"459",-82.644958,35.477545,12.4499998092651,21.3333339691162,3.2333333492279,1340,136,92,10.9121618270874,361,299,353,329,13.2166662216187,40.792179107666,731.825256347656,28.5,-3.90000009536743,32.4000015258789,4.59999990463257,13.1333332061768
"460",-82.799234,35.934553,11.7958335876465,20.6666660308838,2.51666665077209,1201,120,71,13.541111946106,335,251,327,289,13.0749998092651,40.4798774719238,736.15234375,27.7999992370605,-4.5,32.2999992370605,18.8666667938232,12.6833333969116
"461",-82.799234,35.934553,11.7958335876465,20.6666660308838,2.51666665077209,1201,120,71,13.541111946106,335,251,327,289,13.0749998092651,40.4798774719238,736.15234375,27.7999992370605,-4.5,32.2999992370605,18.8666667938232,12.6833333969116
"462",-82.799234,35.934553,11.7958335876465,20.6666660308838,2.51666665077209,1201,120,71,13.541111946106,335,251,327,289,13.0749998092651,40.4798774719238,736.15234375,27.7999992370605,-4.5,32.2999992370605,18.8666667938232,12.6833333969116
"463",-84.514014,35.222319,14.5124998092651,23.9499988555908,4.63333320617676,1423,154,88,14.6388521194458,412,298,334,389,13.5083332061768,40.0840759277344,781.415161132812,31.3999996185303,-2.29999995231628,33.7000007629395,6.19999980926514,20.1166667938232
"464",-84.514014,35.222319,14.5124998092651,23.9499988555908,4.63333320617676,1423,154,88,14.6388521194458,412,298,334,389,13.5083332061768,40.0840759277344,781.415161132812,31.3999996185303,-2.29999995231628,33.7000007629395,6.19999980926514,20.1166667938232
"465",-84.514014,35.222319,14.5124998092651,23.9499988555908,4.63333320617676,1423,154,88,14.6388521194458,412,298,334,389,13.5083332061768,40.0840759277344,781.415161132812,31.3999996185303,-2.29999995231628,33.7000007629395,6.19999980926514,20.1166667938232
"466",-84.514014,35.222319,14.5124998092651,23.9499988555908,4.63333320617676,1423,154,88,14.6388521194458,412,298,334,389,13.5083332061768,40.0840759277344,781.415161132812,31.3999996185303,-2.29999995231628,33.7000007629395,6.19999980926514,20.1166667938232
"467",-82.624596,35.487968,12.7375001907349,21.7000007629395,3.41666674613953,1284,130,87,11.5648107528687,346,283,342,314,13.2750005722046,40.7208595275879,739.182983398438,28.8999996185303,-3.70000004768372,32.5999984741211,4.83333349227905,13.4000005722046
"468",-82.624596,35.487968,12.7375001907349,21.7000007629395,3.41666674613953,1284,130,87,11.5648107528687,346,283,342,314,13.2750005722046,40.7208595275879,739.182983398438,28.8999996185303,-3.70000004768372,32.5999984741211,4.83333349227905,13.4000005722046
"469",-82.624596,35.487968,12.7375001907349,21.7000007629395,3.41666674613953,1284,130,87,11.5648107528687,346,283,342,314,13.2750005722046,40.7208595275879,739.182983398438,28.8999996185303,-3.70000004768372,32.5999984741211,4.83333349227905,13.4000005722046
"470",-82.526046,36.170878,13.1166667938232,22.6166667938232,3.2333333492279,1136,128,70,16.0230541229248,340,235,330,262,13.3833332061768,39.7131538391113,785.503112792969,29.8999996185303,-3.79999995231628,33.7000007629395,20.7000007629395,8.61666679382324
"471",-82.526046,36.170878,13.1166667938232,22.6166667938232,3.2333333492279,1136,128,70,16.0230541229248,340,235,330,262,13.3833332061768,39.7131538391113,785.503112792969,29.8999996185303,-3.79999995231628,33.7000007629395,20.7000007629395,8.61666679382324
"472",-82.526046,36.170878,13.1166667938232,22.6166667938232,3.2333333492279,1136,128,70,16.0230541229248,340,235,330,262,13.3833332061768,39.7131538391113,785.503112792969,29.8999996185303,-3.79999995231628,33.7000007629395,20.7000007629395,8.61666679382324
"473",-82.526046,36.170878,13.1166667938232,22.6166667938232,3.2333333492279,1136,128,70,16.0230541229248,340,235,330,262,13.3833332061768,39.7131538391113,785.503112792969,29.8999996185303,-3.79999995231628,33.7000007629395,20.7000007629395,8.61666679382324
"474",-82.526046,36.170878,13.1166667938232,22.6166667938232,3.2333333492279,1136,128,70,16.0230541229248,340,235,330,262,13.3833332061768,39.7131538391113,785.503112792969,29.8999996185303,-3.79999995231628,33.7000007629395,20.7000007629395,8.61666679382324
"475",-82.635513,36.01197,11.5666666030884,20.533332824707,2.16666674613953,1171,115,71,13.9851951599121,334,243,327,275,13.0166664123535,40.1748962402344,743.845458984375,27.7000007629395,-4.69999980926514,32.4000015258789,18.7000007629395,7.5
"476",-82.635513,36.01197,11.5666666030884,20.533332824707,2.16666674613953,1171,115,71,13.9851951599121,334,243,327,275,13.0166664123535,40.1748962402344,743.845458984375,27.7000007629395,-4.69999980926514,32.4000015258789,18.7000007629395,7.5
"477",-82.635513,36.01197,11.5666666030884,20.533332824707,2.16666674613953,1171,115,71,13.9851951599121,334,243,327,275,13.0166664123535,40.1748962402344,743.845458984375,27.7000007629395,-4.69999980926514,32.4000015258789,18.7000007629395,7.5
"478",-82.661764,35.474949,11.6000003814697,20.2000007629395,2.58333325386047,1513,152,108,9.36154937744141,404,349,391,369,12.466667175293,39.8296051025391,713.929565429688,26.8999996185303,-4.40000009536743,31.2999992370605,11.2166662216187,12.3999996185303
"479",-82.661764,35.474949,11.6000003814697,20.2000007629395,2.58333325386047,1513,152,108,9.36154937744141,404,349,391,369,12.466667175293,39.8296051025391,713.929565429688,26.8999996185303,-4.40000009536743,31.2999992370605,11.2166662216187,12.3999996185303
"480",-82.629083,35.519455,12.3958330154419,21.3833332061768,3.03333330154419,1329,135,90,11.177544593811,359,295,351,324,13.158332824707,40.3629875183105,742.891967773438,28.3999996185303,-4.19999980926514,32.5999984741211,12.0833330154419,13.0833330154419
"481",-82.629083,35.519455,12.3958330154419,21.3833332061768,3.03333330154419,1329,135,90,11.177544593811,359,295,351,324,13.158332824707,40.3629875183105,742.891967773438,28.3999996185303,-4.19999980926514,32.5999984741211,12.0833330154419,13.0833330154419
"482",-82.636501,35.470444,12.3541669845581,21.1833324432373,3.15000009536743,1362,138,94,10.7964763641357,366,305,359,333,13.1416664123535,40.6862754821777,728.848571777344,28.2999992370605,-4,32.2999992370605,4.51666688919067,13.0666666030884
"483",-82.636501,35.470444,12.3541669845581,21.1833324432373,3.15000009536743,1362,138,94,10.7964763641357,366,305,359,333,13.1416664123535,40.6862754821777,728.848571777344,28.2999992370605,-4,32.2999992370605,4.51666688919067,13.0666666030884
"484",-82.636501,35.470444,12.3541669845581,21.1833324432373,3.15000009536743,1362,138,94,10.7964763641357,366,305,359,333,13.1416664123535,40.6862754821777,728.848571777344,28.2999992370605,-4,32.2999992370605,4.51666688919067,13.0666666030884
"485",-82.636501,35.470444,12.3541669845581,21.1833324432373,3.15000009536743,1362,138,94,10.7964763641357,366,305,359,333,13.1416664123535,40.6862754821777,728.848571777344,28.2999992370605,-4,32.2999992370605,4.51666688919067,13.0666666030884
"486",-83.543629,34.925891,12.9166669845581,21.6000003814697,3.86666655540466,1738,180,119,10.766263961792,488,391,417,462,13.5666666030884,42.0020637512207,718.1552734375,28.8999996185303,-3.40000009536743,32.2999992370605,5.16666650772095,18.1666660308838
"487",-83.543629,34.925891,12.9166669845581,21.6000003814697,3.86666655540466,1738,180,119,10.766263961792,488,391,417,462,13.5666666030884,42.0020637512207,718.1552734375,28.8999996185303,-3.40000009536743,32.2999992370605,5.16666650772095,18.1666660308838
"488",-83.543629,34.925891,12.9166669845581,21.6000003814697,3.86666655540466,1738,180,119,10.766263961792,488,391,417,462,13.5666666030884,42.0020637512207,718.1552734375,28.8999996185303,-3.40000009536743,32.2999992370605,5.16666650772095,18.1666660308838
"489",-84.088237,35.444316,13.2583332061768,22.283332824707,3.79999995231628,1488,156,87,14.7473268508911,420,306,382,395,13.4166669845581,40.904468536377,748.409912109375,29.7000007629395,-3.09999990463257,32.7999992370605,5.2000002861023,14.0666666030884
"490",-84.088237,35.444316,13.2583332061768,22.283332824707,3.79999995231628,1488,156,87,14.7473268508911,420,306,382,395,13.4166669845581,40.904468536377,748.409912109375,29.7000007629395,-3.09999990463257,32.7999992370605,5.2000002861023,14.0666666030884
"491",-84.088237,35.444316,13.2583332061768,22.283332824707,3.79999995231628,1488,156,87,14.7473268508911,420,306,382,395,13.4166669845581,40.904468536377,748.409912109375,29.7000007629395,-3.09999990463257,32.7999992370605,5.2000002861023,14.0666666030884
"492",-84.088237,35.444316,13.2583332061768,22.283332824707,3.79999995231628,1488,156,87,14.7473268508911,420,306,382,395,13.4166669845581,40.904468536377,748.409912109375,29.7000007629395,-3.09999990463257,32.7999992370605,5.2000002861023,14.0666666030884
"493",-84.088237,35.444316,13.2583332061768,22.283332824707,3.79999995231628,1488,156,87,14.7473268508911,420,306,382,395,13.4166669845581,40.904468536377,748.409912109375,29.7000007629395,-3.09999990463257,32.7999992370605,5.2000002861023,14.0666666030884
"494",-82.661764,35.474949,11.6000003814697,20.2000007629395,2.58333325386047,1513,152,108,9.36154937744141,404,349,391,369,12.466667175293,39.8296051025391,713.929565429688,26.8999996185303,-4.40000009536743,31.2999992370605,11.2166662216187,12.3999996185303
"495",-84.69,45.5,6.49583339691162,18.5166664123535,-6.15000009536743,792,102,32,26.3480968475342,260,132,218,144,10.4416666030884,27.2628383636475,1010.60168457031,25.8999996185303,-12.3999996185303,38.2999992370605,14.2666664123535,-5.5499997138977
"496",-84.69,45.5,6.49583339691162,18.5166664123535,-6.15000009536743,792,102,32,26.3480968475342,260,132,218,144,10.4416666030884,27.2628383636475,1010.60168457031,25.8999996185303,-12.3999996185303,38.2999992370605,14.2666664123535,-5.5499997138977
"497",-84.69,45.5,6.49583339691162,18.5166664123535,-6.15000009536743,792,102,32,26.3480968475342,260,132,218,144,10.4416666030884,27.2628383636475,1010.60168457031,25.8999996185303,-12.3999996185303,38.2999992370605,14.2666664123535,-5.5499997138977
"498",-84.69,45.5,6.49583339691162,18.5166664123535,-6.15000009536743,792,102,32,26.3480968475342,260,132,218,144,10.4416666030884,27.2628383636475,1010.60168457031,25.8999996185303,-12.3999996185303,38.2999992370605,14.2666664123535,-5.5499997138977
"499",-83.92,42.4,8.45416641235352,20.2999992370605,-4.11666679382324,814,86,42,21.3679523468018,242,147,242,147,10.4916667938232,28.3558559417725,987.9833984375,27.3999996185303,-9.60000038146973,37,20.2999992370605,-4.11666679382324
"500",-83.92,42.4,8.45416641235352,20.2999992370605,-4.11666679382324,814,86,42,21.3679523468018,242,147,242,147,10.4916667938232,28.3558559417725,987.9833984375,27.3999996185303,-9.60000038146973,37,20.2999992370605,-4.11666679382324
"501",-83.92,42.4,8.45416641235352,20.2999992370605,-4.11666679382324,814,86,42,21.3679523468018,242,147,242,147,10.4916667938232,28.3558559417725,987.9833984375,27.3999996185303,-9.60000038146973,37,20.2999992370605,-4.11666679382324
"502",-83.92,42.4,8.45416641235352,20.2999992370605,-4.11666679382324,814,86,42,21.3679523468018,242,147,242,147,10.4916667938232,28.3558559417725,987.9833984375,27.3999996185303,-9.60000038146973,37,20.2999992370605,-4.11666679382324
"503",137.629997,36.117652,6.52916669845581,17.5,-4.71666669845581,1763,249,59,48.5276947021484,715,198,715,198,9.69166660308838,27.9298763275146,913.388916015625,24,-10.6999998092651,34.7000007629395,17.5,-4.71666669845581
"504",148.933333,-35.35,12.7624998092651,19.25,6.18333339691162,888,90,59,16.0504264831543,261,193,207,221,12.875,47.3345603942871,528.011352539062,27,-0.200000002980232,27.2000007629395,9.44999980926514,9.8333330154419
"505",-78.566667,45.25,4.11666679382324,16.8999996185303,-9.8333330154419,1039,106,67,14.2977018356323,303,205,263,244,11.3166666030884,27.1382884979248,1086.99829101562,24.5,-17.2000007629395,41.7000007629395,6.30000019073486,-3.81666660308838
"506",-147.733333,64.783333,-3.03750014305115,14.6499996185303,-21.1333332061768,313,47,8,49.1723442077637,132,35,132,55,11.7250003814697,23.4031944274902,1479.16918945312,22.3999996185303,-27.7000007629395,50.0999984741211,14.6499996185303,-10.6000003814697
"507",-120.033333,34.7,15.5166664123535,21.1333332061768,10.8333330154419,477,99,0,96.341926574707,279,2,10,259,16.75,57.9584770202637,425.009765625,31.7999992370605,2.90000009536743,28.8999996185303,11.1499996185303,20.466667175293
"508",-4.039483,40.857556,9.29583358764648,17.6666679382324,2.15000009536743,622,75,21,35.9017181396484,209,81,90,174,8.19166660308838,31.9986972808838,640.594421386719,24.2000007629395,-1.39999997615814,25.6000003814697,5.78333330154419,17.6499996185303
"509",-4.039483,40.857556,9.29583358764648,17.6666679382324,2.15000009536743,622,75,21,35.9017181396484,209,81,90,174,8.19166660308838,31.9986972808838,640.594421386719,24.2000007629395,-1.39999997615814,25.6000003814697,5.78333330154419,17.6499996185303
"510",-4.039483,40.857556,9.29583358764648,17.6666679382324,2.15000009536743,622,75,21,35.9017181396484,209,81,90,174,8.19166660308838,31.9986972808838,640.594421386719,24.2000007629395,-1.39999997615814,25.6000003814697,5.78333330154419,17.6499996185303
"511",-4.052376,40.857614,8.67916679382324,17.1333332061768,1.70000004768372,747,93,22,38.961841583252,259,88,88,219,8.07499980926514,31.6666679382324,639.536254882812,23.7999992370605,-1.70000004768372,25.5,5.26666641235352,17.1333332061768
"512",-4.052376,40.857614,8.67916679382324,17.1333332061768,1.70000004768372,747,93,22,38.961841583252,259,88,88,219,8.07499980926514,31.6666679382324,639.536254882812,23.7999992370605,-1.70000004768372,25.5,5.26666641235352,17.1333332061768
"513",-4.052376,40.857614,8.67916679382324,17.1333332061768,1.70000004768372,747,93,22,38.961841583252,259,88,88,219,8.07499980926514,31.6666679382324,639.536254882812,23.7999992370605,-1.70000004768372,25.5,5.26666641235352,17.1333332061768
"514",-4.052376,40.857614,8.67916679382324,17.1333332061768,1.70000004768372,747,93,22,38.961841583252,259,88,88,219,8.07499980926514,31.6666679382324,639.536254882812,23.7999992370605,-1.70000004768372,25.5,5.26666641235352,17.1333332061768
"515",7.54,47.54,9.86666679382324,17.8666667938232,2,812,89,49,19.6401615142822,259,153,249,169,8.73333358764648,33.8501281738281,646.699096679688,24.1000003814697,-1.70000004768372,25.8000011444092,16.1333332061768,3.2666666507721
"516",7.5,47.52,9.45416641235352,17.3999996185303,1.64999997615814,863,93,53,18.1701545715332,270,166,259,183,8.52499961853027,33.4313735961914,641.951782226562,23.5,-2,25.5,15.6833333969116,2.86666679382324
"517",7.72,47.48,9.32499980926514,17.3166656494141,1.53333330154419,1066,110,69,14.0472679138184,318,221,307,244,8.53333377838135,33.3333358764648,642.539367675781,23.5,-2.09999990463257,25.6000003814697,15.6999998092651,2.75
"518",7.78,47.39,7.72083330154419,15.4666662216187,0.333333343267441,1392,140,97,10.9272947311401,393,310,386,341,8.27499961853027,33.502025604248,619.055236816406,21.3999996185303,-3.29999995231628,24.6999988555908,13.783332824707,3.5
"519",7.9,47.43,8.50833320617676,16.5166664123535,0.783333361148834,1306,129,91,10.2702684402466,363,292,359,326,8.73333263397217,33.9818420410156,641.49267578125,22.7999992370605,-2.90000009536743,25.6999988555908,14.9333333969116,4.38333320617676
"520",7.56,47.41,8.94583320617676,16.8333339691162,1.23333334922791,1026,110,66,16.1887245178223,313,204,305,222,8.44166660308838,33.4986763000488,635.557922363281,22.8999996185303,-2.29999995231628,25.1999988555908,15.1499996185303,2.43333339691162
"521",7.85,47.38,7.59583330154419,15.3999996185303,0.283333271741867,1473,145,104,10.1814975738525,403,333,401,372,8.47500038146973,34.0361442565918,619.158020019531,21.3999996185303,-3.5,24.8999996185303,13.6833333969116,3.31666660308838
"522",7.65,47.18,9.07499980926514,17.1333332061768,1.14999985694885,1103,123,71,18.11061668396,342,216,339,228,8.86666679382324,33.8422393798828,650.106628417969,23.5,-2.70000004768372,26.2000007629395,15.4666662216187,2.41666650772095
"523",7.59,47.43,8.32499980926514,16.1166667938232,0.816666603088379,1184,123,79,13.2234926223755,349,249,337,272,8.28333377838135,33.5357627868652,625.636047363281,22,-2.70000004768372,24.7000007629395,14.4166669845581,1.88333332538605
"524",8.34,47.56,8.75,17.1499996185303,0.666666686534882,1114,111,75,12.0729274749756,307,247,307,292,9.06666660308838,33.8308448791504,670.393371582031,23.7999992370605,-3,26.7999992370605,17.1499996185303,8.43333339691162
"525",8.36,47.27,9.42500019073486,17.6833343505859,1.20000004768372,1188,132,75,18.414421081543,379,240,379,256,8.86666679382324,33.4591178894043,670.106872558594,24,-2.5,26.5,17.6833343505859,2.58333349227905
"526",8.55,47.62,8.84583377838135,17.2000007629395,0.616666674613953,963,107,60,16.3290538787842,295,205,295,228,8.52499961853027,32.4144477844238,675.598937988281,23.5,-2.79999995231628,26.2999992370605,17.2000007629395,1.90000009536743
"527",8.74,47.51,8.97083377838135,17.2999992370605,0.700000047683716,1013,122,59,24.0885276794434,344,188,344,204,8.19166660308838,31.5064105987549,676.066345214844,23.3999996185303,-2.59999990463257,26,17.2999992370605,2.03333330154419
"528",8.69,47.48,8.53750038146973,16.7666664123535,0.383333325386047,1069,127,63,23.4361610412598,361,202,361,216,8.10833358764648,31.549934387207,667.029113769531,22.7000007629395,-3,25.7000007629395,16.7666664123535,1.66666674613953
"529",8.59,47.42,9.40416622161865,17.8666667938232,1.06666672229767,1066,127,63,23.2961692810059,358,201,358,215,8.49166679382324,32.0440254211426,683.295715332031,24.1000003814697,-2.40000009536743,26.5,17.8666667938232,2.43333339691162
"530",8.57,47.39,8.69583320617676,16.8833332061768,0.800000011920929,1162,137,67,23.7078437805176,392,217,392,231,8.05833339691162,31.6013069152832,655.859802246094,22.7999992370605,-2.70000004768372,25.5,16.8833332061768,1.95000004768372
"531",8.5,47.33,8.57499980926514,16.6666660308838,0.716666638851166,1228,142,74,21.7270584106445,407,238,407,252,8,31.7460327148438,650.560974121094,22.5,-2.70000004768372,25.2000007629395,16.6666660308838,1.88333332538605
"532",8.89,47.29,7.52500009536743,15.3999996185303,0,1418,168,80,25.4123153686523,491,261,491,270,8.11666679382324,32.7284927368164,630.794921875,21.1000003814697,-3.70000004768372,24.8000011444092,15.3999996185303,0.983333349227905
"533",8.65,47.42,9.16249942779541,17.5499992370605,0.833333313465118,1074,129,61,24.6472129821777,366,198,366,211,8.52499961853027,32.1698112487793,680.448120117188,23.7999992370605,-2.70000004768372,26.5,17.5499992370605,2.18333339691162
"534",8.51,47.14,8.76249980926514,16.7000007629395,0.966666638851166,1334,155,78,24.0873260498047,457,254,457,263,7.70833349227905,31.0819892883301,643.252136230469,22.2000007629395,-2.59999990463257,24.8000011444092,16.7000007629395,2.06666660308838
"535",7.4,46.96,8.9166669845581,17.033332824707,0.98333328962326,1021,120,60,23.1775703430176,329,183,327,190,9,34.0909080505371,654.107055664062,23.5,-2.90000009536743,26.3999996185303,15.3166666030884,2.26666665077209
"536",7.75,46.65,7.39583349227905,15.1333332061768,-0.0166666898876429,1136,125,75,16.4210624694824,353,242,353,259,8.50833320617676,33.8977432250977,623.0185546875,21.2000007629395,-3.90000009536743,25.1000003814697,15.1333332061768,0.933333337306976
"537",7.76,46.89,7.0625,14.75,-0.349999934434891,1285,138,88,14.900110244751,392,276,392,294,8.5416669845581,34.303882598877,618.976867675781,20.7000007629395,-4.19999980926514,24.9000015258789,14.75,0.633333325386047
"538",8.98,47.57,8.72083377838135,17.0833339691162,0.466666638851166,997,122,55,26.1864204406738,346,177,346,191,8.27500057220459,31.9498062133789,676.402465820312,23.1000003814697,-2.79999995231628,25.8999996185303,17.0833339691162,1.76666676998138
"539",7.27,46.73,6.85416650772095,14.716667175293,-0.650000035762787,1252,135,80,14.7816257476807,376,263,376,289,8.80833339691162,34.4075546264648,631.590576171875,21,-4.59999990463257,25.6000003814697,14.716667175293,0.283333331346512
"540",8.36,46.97,9.14999961853027,17,1.51666665077209,1408,161,86,23.0513858795166,480,279,480,282,8.23333358764648,32.8021240234375,633.597229003906,22.8999996185303,-2.20000004768372,25.1000003814697,17,2.64999985694885
"541",8.9,47.2,9.4375,17.6833343505859,1.16666662693024,1300,160,72,27.1473789215088,462,239,462,249,8.20833396911621,31.6924076080322,673.255737304688,23.5,-2.40000009536743,25.8999996185303,17.6833343505859,2.5
"542",7.54,47.54,9.86666679382324,17.8666667938232,2,812,89,49,19.6401615142822,259,153,249,169,8.73333358764648,33.8501281738281,646.699096679688,24.1000003814697,-1.70000004768372,25.8000011444092,16.1333332061768,3.2666666507721
"543",7.5,47.52,9.45416641235352,17.3999996185303,1.64999997615814,863,93,53,18.1701545715332,270,166,259,183,8.52499961853027,33.4313735961914,641.951782226562,23.5,-2,25.5,15.6833333969116,2.86666679382324
"544",7.72,47.48,9.32499980926514,17.3166656494141,1.53333330154419,1066,110,69,14.0472679138184,318,221,307,244,8.53333377838135,33.3333358764648,642.539367675781,23.5,-2.09999990463257,25.6000003814697,15.6999998092651,2.75
"545",7.78,47.39,7.72083330154419,15.4666662216187,0.333333343267441,1392,140,97,10.9272947311401,393,310,386,341,8.27499961853027,33.502025604248,619.055236816406,21.3999996185303,-3.29999995231628,24.6999988555908,13.783332824707,3.5
"546",7.9,47.43,8.50833320617676,16.5166664123535,0.783333361148834,1306,129,91,10.2702684402466,363,292,359,326,8.73333263397217,33.9818420410156,641.49267578125,22.7999992370605,-2.90000009536743,25.6999988555908,14.9333333969116,4.38333320617676
"547",7.56,47.41,8.94583320617676,16.8333339691162,1.23333334922791,1026,110,66,16.1887245178223,313,204,305,222,8.44166660308838,33.4986763000488,635.557922363281,22.8999996185303,-2.29999995231628,25.1999988555908,15.1499996185303,2.43333339691162
"548",7.85,47.38,7.59583330154419,15.3999996185303,0.283333271741867,1473,145,104,10.1814975738525,403,333,401,372,8.47500038146973,34.0361442565918,619.158020019531,21.3999996185303,-3.5,24.8999996185303,13.6833333969116,3.31666660308838
"549",7.65,47.18,9.07499980926514,17.1333332061768,1.14999985694885,1103,123,71,18.11061668396,342,216,339,228,8.86666679382324,33.8422393798828,650.106628417969,23.5,-2.70000004768372,26.2000007629395,15.4666662216187,2.41666650772095
"550",7.59,47.43,8.32499980926514,16.1166667938232,0.816666603088379,1184,123,79,13.2234926223755,349,249,337,272,8.28333377838135,33.5357627868652,625.636047363281,22,-2.70000004768372,24.7000007629395,14.4166669845581,1.88333332538605
"551",8.34,47.56,8.75,17.1499996185303,0.666666686534882,1114,111,75,12.0729274749756,307,247,307,292,9.06666660308838,33.8308448791504,670.393371582031,23.7999992370605,-3,26.7999992370605,17.1499996185303,8.43333339691162
"552",8.36,47.27,9.42500019073486,17.6833343505859,1.20000004768372,1188,132,75,18.414421081543,379,240,379,256,8.86666679382324,33.4591178894043,670.106872558594,24,-2.5,26.5,17.6833343505859,2.58333349227905
"553",8.55,47.62,8.84583377838135,17.2000007629395,0.616666674613953,963,107,60,16.3290538787842,295,205,295,228,8.52499961853027,32.4144477844238,675.598937988281,23.5,-2.79999995231628,26.2999992370605,17.2000007629395,1.90000009536743
"554",8.74,47.51,8.97083377838135,17.2999992370605,0.700000047683716,1013,122,59,24.0885276794434,344,188,344,204,8.19166660308838,31.5064105987549,676.066345214844,23.3999996185303,-2.59999990463257,26,17.2999992370605,2.03333330154419
"555",8.69,47.48,8.53750038146973,16.7666664123535,0.383333325386047,1069,127,63,23.4361610412598,361,202,361,216,8.10833358764648,31.549934387207,667.029113769531,22.7000007629395,-3,25.7000007629395,16.7666664123535,1.66666674613953
"556",8.59,47.42,9.40416622161865,17.8666667938232,1.06666672229767,1066,127,63,23.2961692810059,358,201,358,215,8.49166679382324,32.0440254211426,683.295715332031,24.1000003814697,-2.40000009536743,26.5,17.8666667938232,2.43333339691162
"557",8.57,47.39,8.69583320617676,16.8833332061768,0.800000011920929,1162,137,67,23.7078437805176,392,217,392,231,8.05833339691162,31.6013069152832,655.859802246094,22.7999992370605,-2.70000004768372,25.5,16.8833332061768,1.95000004768372
"558",8.5,47.33,8.57499980926514,16.6666660308838,0.716666638851166,1228,142,74,21.7270584106445,407,238,407,252,8,31.7460327148438,650.560974121094,22.5,-2.70000004768372,25.2000007629395,16.6666660308838,1.88333332538605
"559",8.89,47.29,7.52500009536743,15.3999996185303,0,1418,168,80,25.4123153686523,491,261,491,270,8.11666679382324,32.7284927368164,630.794921875,21.1000003814697,-3.70000004768372,24.8000011444092,15.3999996185303,0.983333349227905
"560",8.65,47.42,9.16249942779541,17.5499992370605,0.833333313465118,1074,129,61,24.6472129821777,366,198,366,211,8.52499961853027,32.1698112487793,680.448120117188,23.7999992370605,-2.70000004768372,26.5,17.5499992370605,2.18333339691162
"561",8.51,47.14,8.76249980926514,16.7000007629395,0.966666638851166,1334,155,78,24.0873260498047,457,254,457,263,7.70833349227905,31.0819892883301,643.252136230469,22.2000007629395,-2.59999990463257,24.8000011444092,16.7000007629395,2.06666660308838
"562",7.4,46.96,8.9166669845581,17.033332824707,0.98333328962326,1021,120,60,23.1775703430176,329,183,327,190,9,34.0909080505371,654.107055664062,23.5,-2.90000009536743,26.3999996185303,15.3166666030884,2.26666665077209
"563",7.75,46.65,7.39583349227905,15.1333332061768,-0.0166666898876429,1136,125,75,16.4210624694824,353,242,353,259,8.50833320617676,33.8977432250977,623.0185546875,21.2000007629395,-3.90000009536743,25.1000003814697,15.1333332061768,0.933333337306976
"564",7.76,46.89,7.0625,14.75,-0.349999934434891,1285,138,88,14.900110244751,392,276,392,294,8.5416669845581,34.303882598877,618.976867675781,20.7000007629395,-4.19999980926514,24.9000015258789,14.75,0.633333325386047
"565",8.98,47.57,8.72083377838135,17.0833339691162,0.466666638851166,997,122,55,26.1864204406738,346,177,346,191,8.27500057220459,31.9498062133789,676.402465820312,23.1000003814697,-2.79999995231628,25.8999996185303,17.0833339691162,1.76666676998138
"566",7.27,46.73,6.85416650772095,14.716667175293,-0.650000035762787,1252,135,80,14.7816257476807,376,263,376,289,8.80833339691162,34.4075546264648,631.590576171875,21,-4.59999990463257,25.6000003814697,14.716667175293,0.283333331346512
"567",8.36,46.97,9.14999961853027,17,1.51666665077209,1408,161,86,23.0513858795166,480,279,480,282,8.23333358764648,32.8021240234375,633.597229003906,22.8999996185303,-2.20000004768372,25.1000003814697,17,2.64999985694885
"568",8.9,47.2,9.4375,17.6833343505859,1.16666662693024,1300,160,72,27.1473789215088,462,239,462,249,8.20833396911621,31.6924076080322,673.255737304688,23.5,-2.40000009536743,25.8999996185303,17.6833343505859,2.5
"569",7.54,47.54,9.86666679382324,17.8666667938232,2,812,89,49,19.6401615142822,259,153,249,169,8.73333358764648,33.8501281738281,646.699096679688,24.1000003814697,-1.70000004768372,25.8000011444092,16.1333332061768,3.2666666507721
"570",7.5,47.52,9.45416641235352,17.3999996185303,1.64999997615814,863,93,53,18.1701545715332,270,166,259,183,8.52499961853027,33.4313735961914,641.951782226562,23.5,-2,25.5,15.6833333969116,2.86666679382324
"571",7.72,47.48,9.32499980926514,17.3166656494141,1.53333330154419,1066,110,69,14.0472679138184,318,221,307,244,8.53333377838135,33.3333358764648,642.539367675781,23.5,-2.09999990463257,25.6000003814697,15.6999998092651,2.75
"572",7.78,47.39,7.72083330154419,15.4666662216187,0.333333343267441,1392,140,97,10.9272947311401,393,310,386,341,8.27499961853027,33.502025604248,619.055236816406,21.3999996185303,-3.29999995231628,24.6999988555908,13.783332824707,3.5
"573",7.9,47.43,8.50833320617676,16.5166664123535,0.783333361148834,1306,129,91,10.2702684402466,363,292,359,326,8.73333263397217,33.9818420410156,641.49267578125,22.7999992370605,-2.90000009536743,25.6999988555908,14.9333333969116,4.38333320617676
"574",7.56,47.41,8.94583320617676,16.8333339691162,1.23333334922791,1026,110,66,16.1887245178223,313,204,305,222,8.44166660308838,33.4986763000488,635.557922363281,22.8999996185303,-2.29999995231628,25.1999988555908,15.1499996185303,2.43333339691162
"575",7.85,47.38,7.59583330154419,15.3999996185303,0.283333271741867,1473,145,104,10.1814975738525,403,333,401,372,8.47500038146973,34.0361442565918,619.158020019531,21.3999996185303,-3.5,24.8999996185303,13.6833333969116,3.31666660308838
"576",7.65,47.18,9.07499980926514,17.1333332061768,1.14999985694885,1103,123,71,18.11061668396,342,216,339,228,8.86666679382324,33.8422393798828,650.106628417969,23.5,-2.70000004768372,26.2000007629395,15.4666662216187,2.41666650772095
"577",7.59,47.43,8.32499980926514,16.1166667938232,0.816666603088379,1184,123,79,13.2234926223755,349,249,337,272,8.28333377838135,33.5357627868652,625.636047363281,22,-2.70000004768372,24.7000007629395,14.4166669845581,1.88333332538605
"578",8.34,47.56,8.75,17.1499996185303,0.666666686534882,1114,111,75,12.0729274749756,307,247,307,292,9.06666660308838,33.8308448791504,670.393371582031,23.7999992370605,-3,26.7999992370605,17.1499996185303,8.43333339691162
"579",8.36,47.27,9.42500019073486,17.6833343505859,1.20000004768372,1188,132,75,18.414421081543,379,240,379,256,8.86666679382324,33.4591178894043,670.106872558594,24,-2.5,26.5,17.6833343505859,2.58333349227905
"580",8.55,47.62,8.84583377838135,17.2000007629395,0.616666674613953,963,107,60,16.3290538787842,295,205,295,228,8.52499961853027,32.4144477844238,675.598937988281,23.5,-2.79999995231628,26.2999992370605,17.2000007629395,1.90000009536743
"581",8.74,47.51,8.97083377838135,17.2999992370605,0.700000047683716,1013,122,59,24.0885276794434,344,188,344,204,8.19166660308838,31.5064105987549,676.066345214844,23.3999996185303,-2.59999990463257,26,17.2999992370605,2.03333330154419
"582",8.69,47.48,8.53750038146973,16.7666664123535,0.383333325386047,1069,127,63,23.4361610412598,361,202,361,216,8.10833358764648,31.549934387207,667.029113769531,22.7000007629395,-3,25.7000007629395,16.7666664123535,1.66666674613953
"583",8.59,47.42,9.40416622161865,17.8666667938232,1.06666672229767,1066,127,63,23.2961692810059,358,201,358,215,8.49166679382324,32.0440254211426,683.295715332031,24.1000003814697,-2.40000009536743,26.5,17.8666667938232,2.43333339691162
"584",8.57,47.39,8.69583320617676,16.8833332061768,0.800000011920929,1162,137,67,23.7078437805176,392,217,392,231,8.05833339691162,31.6013069152832,655.859802246094,22.7999992370605,-2.70000004768372,25.5,16.8833332061768,1.95000004768372
"585",8.5,47.33,8.57499980926514,16.6666660308838,0.716666638851166,1228,142,74,21.7270584106445,407,238,407,252,8,31.7460327148438,650.560974121094,22.5,-2.70000004768372,25.2000007629395,16.6666660308838,1.88333332538605
"586",8.89,47.29,7.52500009536743,15.3999996185303,0,1418,168,80,25.4123153686523,491,261,491,270,8.11666679382324,32.7284927368164,630.794921875,21.1000003814697,-3.70000004768372,24.8000011444092,15.3999996185303,0.983333349227905
"587",8.65,47.42,9.16249942779541,17.5499992370605,0.833333313465118,1074,129,61,24.6472129821777,366,198,366,211,8.52499961853027,32.1698112487793,680.448120117188,23.7999992370605,-2.70000004768372,26.5,17.5499992370605,2.18333339691162
"588",8.51,47.14,8.76249980926514,16.7000007629395,0.966666638851166,1334,155,78,24.0873260498047,457,254,457,263,7.70833349227905,31.0819892883301,643.252136230469,22.2000007629395,-2.59999990463257,24.8000011444092,16.7000007629395,2.06666660308838
"589",7.4,46.96,8.9166669845581,17.033332824707,0.98333328962326,1021,120,60,23.1775703430176,329,183,327,190,9,34.0909080505371,654.107055664062,23.5,-2.90000009536743,26.3999996185303,15.3166666030884,2.26666665077209
"590",7.75,46.65,7.39583349227905,15.1333332061768,-0.0166666898876429,1136,125,75,16.4210624694824,353,242,353,259,8.50833320617676,33.8977432250977,623.0185546875,21.2000007629395,-3.90000009536743,25.1000003814697,15.1333332061768,0.933333337306976
"591",7.76,46.89,7.0625,14.75,-0.349999934434891,1285,138,88,14.900110244751,392,276,392,294,8.5416669845581,34.303882598877,618.976867675781,20.7000007629395,-4.19999980926514,24.9000015258789,14.75,0.633333325386047
"592",8.98,47.57,8.72083377838135,17.0833339691162,0.466666638851166,997,122,55,26.1864204406738,346,177,346,191,8.27500057220459,31.9498062133789,676.402465820312,23.1000003814697,-2.79999995231628,25.8999996185303,17.0833339691162,1.76666676998138
"593",7.27,46.73,6.85416650772095,14.716667175293,-0.650000035762787,1252,135,80,14.7816257476807,376,263,376,289,8.80833339691162,34.4075546264648,631.590576171875,21,-4.59999990463257,25.6000003814697,14.716667175293,0.283333331346512
"594",8.36,46.97,9.14999961853027,17,1.51666665077209,1408,161,86,23.0513858795166,480,279,480,282,8.23333358764648,32.8021240234375,633.597229003906,22.8999996185303,-2.20000004768372,25.1000003814697,17,2.64999985694885
"595",8.9,47.2,9.4375,17.6833343505859,1.16666662693024,1300,160,72,27.1473789215088,462,239,462,249,8.20833396911621,31.6924076080322,673.255737304688,23.5,-2.40000009536743,25.8999996185303,17.6833343505859,2.5
"596",7.52,47.54,9.7083330154419,17.6666660308838,1.86666667461395,822,89,50,18.7050361633301,259,157,250,173,8.69999980926514,33.984375,643.830261230469,23.7999992370605,-1.79999995231628,25.5999984741211,15.9499998092651,3.10000014305115
"597",7.85,47.38,7.59583330154419,15.3999996185303,0.283333271741867,1473,145,104,10.1814975738525,403,333,401,372,8.47500038146973,34.0361442565918,619.158020019531,21.3999996185303,-3.5,24.8999996185303,13.6833333969116,3.31666660308838
"598",7.65,47.18,9.07499980926514,17.1333332061768,1.14999985694885,1103,123,71,18.11061668396,342,216,339,228,8.86666679382324,33.8422393798828,650.106628417969,23.5,-2.70000004768372,26.2000007629395,15.4666662216187,2.41666650772095
"599",7.9,47.58,9.94166660308838,18.2999992370605,1.86666667461395,1068,107,70,11.4002780914307,303,231,295,259,8.81666660308838,33.1453628540039,667.658142089844,24.8999996185303,-1.70000004768372,26.6000003814697,16.75,3.11666655540466
"600",8.36,47.27,9.42500019073486,17.6833343505859,1.20000004768372,1188,132,75,18.414421081543,379,240,379,256,8.86666679382324,33.4591178894043,670.106872558594,24,-2.5,26.5,17.6833343505859,2.58333349227905
"601",8.54,47.62,8.75,17.1000003814697,0.550000011920929,972,107,61,15.8749647140503,295,208,295,233,8.55000019073486,32.5095062255859,674.735656738281,23.3999996185303,-2.90000009536743,26.2999992370605,17.1000003814697,4.55000019073486
"602",8.5,47.52,9.30833339691162,17.7666664123535,0.966666638851166,1016,111,62,16.0851955413818,311,213,311,236,8.93333339691162,33.0864219665527,684.34716796875,24.2999992370605,-2.70000004768372,27,17.7666664123535,2.28333330154419
"603",8.68,47.48,8.38333320617676,16.5833339691162,0.316666692495346,1086,129,64,23.2469711303711,366,206,366,221,8.15000057220459,31.8359375,663.278137207031,22.5,-3.09999990463257,25.6000003814697,16.5833339691162,1.55000007152557
"604",8.59,47.42,9.40416622161865,17.8666667938232,1.06666672229767,1066,127,63,23.2961692810059,358,201,358,215,8.49166679382324,32.0440254211426,683.295715332031,24.1000003814697,-2.40000009536743,26.5,17.8666667938232,2.43333339691162
"605",8.57,47.39,8.69583320617676,16.8833332061768,0.800000011920929,1162,137,67,23.7078437805176,392,217,392,231,8.05833339691162,31.6013069152832,655.859802246094,22.7999992370605,-2.70000004768372,25.5,16.8833332061768,1.95000004768372
"606",8.5,47.33,8.57499980926514,16.6666660308838,0.716666638851166,1228,142,74,21.7270584106445,407,238,407,252,8,31.7460327148438,650.560974121094,22.5,-2.70000004768372,25.2000007629395,16.6666660308838,1.88333332538605
"607",8.89,47.29,7.52500009536743,15.3999996185303,0,1418,168,80,25.4123153686523,491,261,491,270,8.11666679382324,32.7284927368164,630.794921875,21.1000003814697,-3.70000004768372,24.8000011444092,15.3999996185303,0.983333349227905
"608",8.46,47.42,8.90416622161865,17.216667175293,0.883333384990692,1141,127,72,17.9524230957031,360,232,360,251,8.5416669845581,32.6017799377441,665.63525390625,23.5,-2.70000004768372,26.2000007629395,17.216667175293,2.10000014305115
"609",8.65,47.42,9.16249942779541,17.5499992370605,0.833333313465118,1074,129,61,24.6472129821777,366,198,366,211,8.52499961853027,32.1698112487793,680.448120117188,23.7999992370605,-2.70000004768372,26.5,17.5499992370605,2.18333339691162
"610",8.53,47.13,7.17500019073486,14.8333330154419,0.0333333797752857,1515,174,92,22.255407333374,511,297,511,308,7.71666669845581,32.4229698181152,609.260009765625,20.2000007629395,-3.59999990463257,23.8000011444092,14.8333330154419,0.816666662693024
"611",7.83,47.19,8.55416679382324,16.533332824707,0.76666671037674,1263,135,84,14.5923748016357,379,265,379,284,8.7083330154419,33.8845634460449,642.758483886719,22.7000007629395,-3,25.7000007629395,16.533332824707,1.95000004768372
"612",7.06,47.19,6.38749980926514,14.0500001907349,-0.96666669845581,1271,125,89,9.4331579208374,349,285,343,316,7.90833330154419,32.6790657043457,618.021484375,19.7999992370605,-4.40000009536743,24.1999988555908,12.1999998092651,1.93333339691162
"613",7.4,46.96,8.9166669845581,17.033332824707,0.98333328962326,1021,120,60,23.1775703430176,329,183,327,190,9,34.0909080505371,654.107055664062,23.5,-2.90000009536743,26.3999996185303,15.3166666030884,2.26666665077209
"614",7.37,46.76,6.38749980926514,14.0666666030884,-0.883333384990692,1274,133,83,12.9532194137573,371,276,371,309,8.50833320617676,34.1700134277344,616.611450195312,20.1000003814697,-4.80000019073486,24.9000015258789,14.0666666030884,1.93333327770233
"615",7.37,46.76,6.38749980926514,14.0666666030884,-0.883333384990692,1274,133,83,12.9532194137573,371,276,371,309,8.50833320617676,34.1700134277344,616.611450195312,20.1000003814697,-4.80000019073486,24.9000015258789,14.0666666030884,1.93333327770233
"616",7.75,46.65,7.39583349227905,15.1333332061768,-0.0166666898876429,1136,125,75,16.4210624694824,353,242,353,259,8.50833320617676,33.8977432250977,623.0185546875,21.2000007629395,-3.90000009536743,25.1000003814697,15.1333332061768,0.933333337306976
"617",7.76,46.64,6.00416660308838,13.533332824707,-0.833333313465118,1131,116,76,12.4070806503296,327,248,327,278,7.94166660308838,33.3683471679688,598.214965820312,19.2999992370605,-4.5,23.7999992370605,13.533332824707,1.41666662693024
"618",7.76,46.89,7.0625,14.75,-0.349999934434891,1285,138,88,14.900110244751,392,276,392,294,8.5416669845581,34.303882598877,618.976867675781,20.7000007629395,-4.19999980926514,24.9000015258789,14.75,0.633333325386047
"619",8.78,47.67,8.74166679382324,17.1666660308838,0.416666656732559,911,108,54,21.9830417633057,300,172,300,189,8.53333282470703,32.3232307434082,682.591430664062,23.5,-2.90000009536743,26.3999996185303,17.1666660308838,1.75
"620",9.06,47.5,8.25,16.466667175293,0.216666698455811,1136,136,61,27.069055557251,397,200,397,211,8.16666603088379,32.0261421203613,662.251647949219,22.3999996185303,-3.09999990463257,25.5,16.466667175293,1.43333327770233
"621",8.92,47.44,7.83333349227905,15.8000001907349,0.0333333425223827,1212,144,67,25.8982830047607,420,219,420,231,7.63333320617676,31.0298118591309,644.135559082031,21.2999992370605,-3.29999995231628,24.5999984741211,15.8000001907349,1.11666667461395
"622",8.98,47.57,8.72083377838135,17.0833339691162,0.466666638851166,997,122,55,26.1864204406738,346,177,346,191,8.27500057220459,31.9498062133789,676.402465820312,23.1000003814697,-2.79999995231628,25.8999996185303,17.0833339691162,1.76666676998138
"623",7.27,46.73,6.85416650772095,14.716667175293,-0.650000035762787,1252,135,80,14.7816257476807,376,263,376,289,8.80833339691162,34.4075546264648,631.590576171875,21,-4.59999990463257,25.6000003814697,14.716667175293,0.283333331346512
"624",9.04,45.86,9.77499961853027,18.0666675567627,2.08333325386047,1287,146,56,29.5536556243896,406,191,374,191,8.81666660308838,33.2704391479492,652.2705078125,24.2000007629395,-2.29999995231628,26.5,14.6000003814697,2.08333325386047
"625",9.59,46.35,5.69166660308838,14.0166664123535,-2.71666669845581,1101,126,48,33.0627708435059,374,162,374,162,9.5,33.6879425048828,680.009460449219,20.3999996185303,-7.80000019073486,28.2000007629395,14.0166664123535,-2.71666669845581
"626",8.2,47.19,8.34583282470703,16.3333339691162,0.51666659116745,1361,147,91,16.276346206665,424,289,424,308,8.84166622161865,34.2700271606445,644.887084960938,22.5,-3.29999995231628,25.7999992370605,16.3333339691162,1.69999992847443
"627",7.52,47.54,9.7083330154419,17.6666660308838,1.86666667461395,822,89,50,18.7050361633301,259,157,250,173,8.69999980926514,33.984375,643.830261230469,23.7999992370605,-1.79999995231628,25.5999984741211,15.9499998092651,3.10000014305115
"628",7.85,47.38,7.59583330154419,15.3999996185303,0.283333271741867,1473,145,104,10.1814975738525,403,333,401,372,8.47500038146973,34.0361442565918,619.158020019531,21.3999996185303,-3.5,24.8999996185303,13.6833333969116,3.31666660308838
"629",7.65,47.18,9.07499980926514,17.1333332061768,1.14999985694885,1103,123,71,18.11061668396,342,216,339,228,8.86666679382324,33.8422393798828,650.106628417969,23.5,-2.70000004768372,26.2000007629395,15.4666662216187,2.41666650772095
"630",7.9,47.58,9.94166660308838,18.2999992370605,1.86666667461395,1068,107,70,11.4002780914307,303,231,295,259,8.81666660308838,33.1453628540039,667.658142089844,24.8999996185303,-1.70000004768372,26.6000003814697,16.75,3.11666655540466
"631",8.36,47.27,9.42500019073486,17.6833343505859,1.20000004768372,1188,132,75,18.414421081543,379,240,379,256,8.86666679382324,33.4591178894043,670.106872558594,24,-2.5,26.5,17.6833343505859,2.58333349227905
"632",8.54,47.62,8.75,17.1000003814697,0.550000011920929,972,107,61,15.8749647140503,295,208,295,233,8.55000019073486,32.5095062255859,674.735656738281,23.3999996185303,-2.90000009536743,26.2999992370605,17.1000003814697,4.55000019073486
"633",8.5,47.52,9.30833339691162,17.7666664123535,0.966666638851166,1016,111,62,16.0851955413818,311,213,311,236,8.93333339691162,33.0864219665527,684.34716796875,24.2999992370605,-2.70000004768372,27,17.7666664123535,2.28333330154419
"634",8.68,47.48,8.38333320617676,16.5833339691162,0.316666692495346,1086,129,64,23.2469711303711,366,206,366,221,8.15000057220459,31.8359375,663.278137207031,22.5,-3.09999990463257,25.6000003814697,16.5833339691162,1.55000007152557
"635",8.59,47.42,9.40416622161865,17.8666667938232,1.06666672229767,1066,127,63,23.2961692810059,358,201,358,215,8.49166679382324,32.0440254211426,683.295715332031,24.1000003814697,-2.40000009536743,26.5,17.8666667938232,2.43333339691162
"636",8.57,47.39,8.69583320617676,16.8833332061768,0.800000011920929,1162,137,67,23.7078437805176,392,217,392,231,8.05833339691162,31.6013069152832,655.859802246094,22.7999992370605,-2.70000004768372,25.5,16.8833332061768,1.95000004768372
"637",8.5,47.33,8.57499980926514,16.6666660308838,0.716666638851166,1228,142,74,21.7270584106445,407,238,407,252,8,31.7460327148438,650.560974121094,22.5,-2.70000004768372,25.2000007629395,16.6666660308838,1.88333332538605
"638",8.89,47.29,7.52500009536743,15.3999996185303,0,1418,168,80,25.4123153686523,491,261,491,270,8.11666679382324,32.7284927368164,630.794921875,21.1000003814697,-3.70000004768372,24.8000011444092,15.3999996185303,0.983333349227905
"639",8.46,47.42,8.90416622161865,17.216667175293,0.883333384990692,1141,127,72,17.9524230957031,360,232,360,251,8.5416669845581,32.6017799377441,665.63525390625,23.5,-2.70000004768372,26.2000007629395,17.216667175293,2.10000014305115
"640",8.65,47.42,9.16249942779541,17.5499992370605,0.833333313465118,1074,129,61,24.6472129821777,366,198,366,211,8.52499961853027,32.1698112487793,680.448120117188,23.7999992370605,-2.70000004768372,26.5,17.5499992370605,2.18333339691162
"641",8.53,47.13,7.17500019073486,14.8333330154419,0.0333333797752857,1515,174,92,22.255407333374,511,297,511,308,7.71666669845581,32.4229698181152,609.260009765625,20.2000007629395,-3.59999990463257,23.8000011444092,14.8333330154419,0.816666662693024
"642",7.83,47.19,8.55416679382324,16.533332824707,0.76666671037674,1263,135,84,14.5923748016357,379,265,379,284,8.7083330154419,33.8845634460449,642.758483886719,22.7000007629395,-3,25.7000007629395,16.533332824707,1.95000004768372
"643",7.06,47.19,6.38749980926514,14.0500001907349,-0.96666669845581,1271,125,89,9.4331579208374,349,285,343,316,7.90833330154419,32.6790657043457,618.021484375,19.7999992370605,-4.40000009536743,24.1999988555908,12.1999998092651,1.93333339691162
"644",7.4,46.96,8.9166669845581,17.033332824707,0.98333328962326,1021,120,60,23.1775703430176,329,183,327,190,9,34.0909080505371,654.107055664062,23.5,-2.90000009536743,26.3999996185303,15.3166666030884,2.26666665077209
"645",7.37,46.76,6.38749980926514,14.0666666030884,-0.883333384990692,1274,133,83,12.9532194137573,371,276,371,309,8.50833320617676,34.1700134277344,616.611450195312,20.1000003814697,-4.80000019073486,24.9000015258789,14.0666666030884,1.93333327770233
"646",7.37,46.76,6.38749980926514,14.0666666030884,-0.883333384990692,1274,133,83,12.9532194137573,371,276,371,309,8.50833320617676,34.1700134277344,616.611450195312,20.1000003814697,-4.80000019073486,24.9000015258789,14.0666666030884,1.93333327770233
"647",7.75,46.65,7.39583349227905,15.1333332061768,-0.0166666898876429,1136,125,75,16.4210624694824,353,242,353,259,8.50833320617676,33.8977432250977,623.0185546875,21.2000007629395,-3.90000009536743,25.1000003814697,15.1333332061768,0.933333337306976
"648",7.76,46.64,6.00416660308838,13.533332824707,-0.833333313465118,1131,116,76,12.4070806503296,327,248,327,278,7.94166660308838,33.3683471679688,598.214965820312,19.2999992370605,-4.5,23.7999992370605,13.533332824707,1.41666662693024
"649",7.76,46.89,7.0625,14.75,-0.349999934434891,1285,138,88,14.900110244751,392,276,392,294,8.5416669845581,34.303882598877,618.976867675781,20.7000007629395,-4.19999980926514,24.9000015258789,14.75,0.633333325386047
"650",8.78,47.67,8.74166679382324,17.1666660308838,0.416666656732559,911,108,54,21.9830417633057,300,172,300,189,8.53333282470703,32.3232307434082,682.591430664062,23.5,-2.90000009536743,26.3999996185303,17.1666660308838,1.75
"651",9.06,47.5,8.25,16.466667175293,0.216666698455811,1136,136,61,27.069055557251,397,200,397,211,8.16666603088379,32.0261421203613,662.251647949219,22.3999996185303,-3.09999990463257,25.5,16.466667175293,1.43333327770233
"652",8.92,47.44,7.83333349227905,15.8000001907349,0.0333333425223827,1212,144,67,25.8982830047607,420,219,420,231,7.63333320617676,31.0298118591309,644.135559082031,21.2999992370605,-3.29999995231628,24.5999984741211,15.8000001907349,1.11666667461395
"653",8.98,47.57,8.72083377838135,17.0833339691162,0.466666638851166,997,122,55,26.1864204406738,346,177,346,191,8.27500057220459,31.9498062133789,676.402465820312,23.1000003814697,-2.79999995231628,25.8999996185303,17.0833339691162,1.76666676998138
"654",7.27,46.73,6.85416650772095,14.716667175293,-0.650000035762787,1252,135,80,14.7816257476807,376,263,376,289,8.80833339691162,34.4075546264648,631.590576171875,21,-4.59999990463257,25.6000003814697,14.716667175293,0.283333331346512
"655",9.04,45.86,9.77499961853027,18.0666675567627,2.08333325386047,1287,146,56,29.5536556243896,406,191,374,191,8.81666660308838,33.2704391479492,652.2705078125,24.2000007629395,-2.29999995231628,26.5,14.6000003814697,2.08333325386047
"656",9.59,46.35,5.69166660308838,14.0166664123535,-2.71666669845581,1101,126,48,33.0627708435059,374,162,374,162,9.5,33.6879425048828,680.009460449219,20.3999996185303,-7.80000019073486,28.2000007629395,14.0166664123535,-2.71666669845581
"657",7.52,47.54,9.7083330154419,17.6666660308838,1.86666667461395,822,89,50,18.7050361633301,259,157,250,173,8.69999980926514,33.984375,643.830261230469,23.7999992370605,-1.79999995231628,25.5999984741211,15.9499998092651,3.10000014305115
"658",7.85,47.38,7.59583330154419,15.3999996185303,0.283333271741867,1473,145,104,10.1814975738525,403,333,401,372,8.47500038146973,34.0361442565918,619.158020019531,21.3999996185303,-3.5,24.8999996185303,13.6833333969116,3.31666660308838
"659",7.65,47.18,9.07499980926514,17.1333332061768,1.14999985694885,1103,123,71,18.11061668396,342,216,339,228,8.86666679382324,33.8422393798828,650.106628417969,23.5,-2.70000004768372,26.2000007629395,15.4666662216187,2.41666650772095
"660",7.9,47.58,9.94166660308838,18.2999992370605,1.86666667461395,1068,107,70,11.4002780914307,303,231,295,259,8.81666660308838,33.1453628540039,667.658142089844,24.8999996185303,-1.70000004768372,26.6000003814697,16.75,3.11666655540466
"661",8.36,47.27,9.42500019073486,17.6833343505859,1.20000004768372,1188,132,75,18.414421081543,379,240,379,256,8.86666679382324,33.4591178894043,670.106872558594,24,-2.5,26.5,17.6833343505859,2.58333349227905
"662",8.54,47.62,8.75,17.1000003814697,0.550000011920929,972,107,61,15.8749647140503,295,208,295,233,8.55000019073486,32.5095062255859,674.735656738281,23.3999996185303,-2.90000009536743,26.2999992370605,17.1000003814697,4.55000019073486
"663",8.5,47.52,9.30833339691162,17.7666664123535,0.966666638851166,1016,111,62,16.0851955413818,311,213,311,236,8.93333339691162,33.0864219665527,684.34716796875,24.2999992370605,-2.70000004768372,27,17.7666664123535,2.28333330154419
"664",8.68,47.48,8.38333320617676,16.5833339691162,0.316666692495346,1086,129,64,23.2469711303711,366,206,366,221,8.15000057220459,31.8359375,663.278137207031,22.5,-3.09999990463257,25.6000003814697,16.5833339691162,1.55000007152557
"665",8.59,47.42,9.40416622161865,17.8666667938232,1.06666672229767,1066,127,63,23.2961692810059,358,201,358,215,8.49166679382324,32.0440254211426,683.295715332031,24.1000003814697,-2.40000009536743,26.5,17.8666667938232,2.43333339691162
"666",8.57,47.39,8.69583320617676,16.8833332061768,0.800000011920929,1162,137,67,23.7078437805176,392,217,392,231,8.05833339691162,31.6013069152832,655.859802246094,22.7999992370605,-2.70000004768372,25.5,16.8833332061768,1.95000004768372
"667",8.5,47.33,8.57499980926514,16.6666660308838,0.716666638851166,1228,142,74,21.7270584106445,407,238,407,252,8,31.7460327148438,650.560974121094,22.5,-2.70000004768372,25.2000007629395,16.6666660308838,1.88333332538605
"668",8.89,47.29,7.52500009536743,15.3999996185303,0,1418,168,80,25.4123153686523,491,261,491,270,8.11666679382324,32.7284927368164,630.794921875,21.1000003814697,-3.70000004768372,24.8000011444092,15.3999996185303,0.983333349227905
"669",8.46,47.42,8.90416622161865,17.216667175293,0.883333384990692,1141,127,72,17.9524230957031,360,232,360,251,8.5416669845581,32.6017799377441,665.63525390625,23.5,-2.70000004768372,26.2000007629395,17.216667175293,2.10000014305115
"670",8.65,47.42,9.16249942779541,17.5499992370605,0.833333313465118,1074,129,61,24.6472129821777,366,198,366,211,8.52499961853027,32.1698112487793,680.448120117188,23.7999992370605,-2.70000004768372,26.5,17.5499992370605,2.18333339691162
"671",8.53,47.13,7.17500019073486,14.8333330154419,0.0333333797752857,1515,174,92,22.255407333374,511,297,511,308,7.71666669845581,32.4229698181152,609.260009765625,20.2000007629395,-3.59999990463257,23.8000011444092,14.8333330154419,0.816666662693024
"672",7.83,47.19,8.55416679382324,16.533332824707,0.76666671037674,1263,135,84,14.5923748016357,379,265,379,284,8.7083330154419,33.8845634460449,642.758483886719,22.7000007629395,-3,25.7000007629395,16.533332824707,1.95000004768372
"673",7.06,47.19,6.38749980926514,14.0500001907349,-0.96666669845581,1271,125,89,9.4331579208374,349,285,343,316,7.90833330154419,32.6790657043457,618.021484375,19.7999992370605,-4.40000009536743,24.1999988555908,12.1999998092651,1.93333339691162
"674",7.4,46.96,8.9166669845581,17.033332824707,0.98333328962326,1021,120,60,23.1775703430176,329,183,327,190,9,34.0909080505371,654.107055664062,23.5,-2.90000009536743,26.3999996185303,15.3166666030884,2.26666665077209
"675",7.37,46.76,6.38749980926514,14.0666666030884,-0.883333384990692,1274,133,83,12.9532194137573,371,276,371,309,8.50833320617676,34.1700134277344,616.611450195312,20.1000003814697,-4.80000019073486,24.9000015258789,14.0666666030884,1.93333327770233
"676",7.37,46.76,6.38749980926514,14.0666666030884,-0.883333384990692,1274,133,83,12.9532194137573,371,276,371,309,8.50833320617676,34.1700134277344,616.611450195312,20.1000003814697,-4.80000019073486,24.9000015258789,14.0666666030884,1.93333327770233
"677",7.75,46.65,7.39583349227905,15.1333332061768,-0.0166666898876429,1136,125,75,16.4210624694824,353,242,353,259,8.50833320617676,33.8977432250977,623.0185546875,21.2000007629395,-3.90000009536743,25.1000003814697,15.1333332061768,0.933333337306976
"678",7.76,46.64,6.00416660308838,13.533332824707,-0.833333313465118,1131,116,76,12.4070806503296,327,248,327,278,7.94166660308838,33.3683471679688,598.214965820312,19.2999992370605,-4.5,23.7999992370605,13.533332824707,1.41666662693024
"679",7.76,46.89,7.0625,14.75,-0.349999934434891,1285,138,88,14.900110244751,392,276,392,294,8.5416669845581,34.303882598877,618.976867675781,20.7000007629395,-4.19999980926514,24.9000015258789,14.75,0.633333325386047
"680",8.78,47.67,8.74166679382324,17.1666660308838,0.416666656732559,911,108,54,21.9830417633057,300,172,300,189,8.53333282470703,32.3232307434082,682.591430664062,23.5,-2.90000009536743,26.3999996185303,17.1666660308838,1.75
"681",9.06,47.5,8.25,16.466667175293,0.216666698455811,1136,136,61,27.069055557251,397,200,397,211,8.16666603088379,32.0261421203613,662.251647949219,22.3999996185303,-3.09999990463257,25.5,16.466667175293,1.43333327770233
"682",8.92,47.44,7.83333349227905,15.8000001907349,0.0333333425223827,1212,144,67,25.8982830047607,420,219,420,231,7.63333320617676,31.0298118591309,644.135559082031,21.2999992370605,-3.29999995231628,24.5999984741211,15.8000001907349,1.11666667461395
"683",8.98,47.57,8.72083377838135,17.0833339691162,0.466666638851166,997,122,55,26.1864204406738,346,177,346,191,8.27500057220459,31.9498062133789,676.402465820312,23.1000003814697,-2.79999995231628,25.8999996185303,17.0833339691162,1.76666676998138
"684",7.27,46.73,6.85416650772095,14.716667175293,-0.650000035762787,1252,135,80,14.7816257476807,376,263,376,289,8.80833339691162,34.4075546264648,631.590576171875,21,-4.59999990463257,25.6000003814697,14.716667175293,0.283333331346512
"685",9.04,45.86,9.77499961853027,18.0666675567627,2.08333325386047,1287,146,56,29.5536556243896,406,191,374,191,8.81666660308838,33.2704391479492,652.2705078125,24.2000007629395,-2.29999995231628,26.5,14.6000003814697,2.08333325386047
"686",9.59,46.35,5.69166660308838,14.0166664123535,-2.71666669845581,1101,126,48,33.0627708435059,374,162,374,162,9.5,33.6879425048828,680.009460449219,20.3999996185303,-7.80000019073486,28.2000007629395,14.0166664123535,-2.71666669845581
"687",-121.563592,36.37932,12.9333333969116,18.2666664123535,8.61666679382324,671,128,2,90.8084869384766,355,9,15,355,13.8333330154419,55.7795677185059,396.973419189453,27,2.20000004768372,24.7999992370605,8.94999980926514,17.4166660308838
"688",9.581111,51.769167,7.00833320617676,14.5,-0.150000020861626,1088,115,67,14.564450263977,326,230,262,308,6.23333311080933,28.0780792236328,601.98095703125,19.2999992370605,-2.90000009536743,22.1999988555908,1.01666665077209,9.78333377838135
"689",9.581111,51.769167,7.00833320617676,14.5,-0.150000020861626,1088,115,67,14.564450263977,326,230,262,308,6.23333311080933,28.0780792236328,601.98095703125,19.2999992370605,-2.90000009536743,22.1999988555908,1.01666665077209,9.78333377838135
"690",9.581111,51.769167,7.00833320617676,14.5,-0.150000020861626,1088,115,67,14.564450263977,326,230,262,308,6.23333311080933,28.0780792236328,601.98095703125,19.2999992370605,-2.90000009536743,22.1999988555908,1.01666665077209,9.78333377838135
"691",9.581111,51.769167,7.00833320617676,14.5,-0.150000020861626,1088,115,67,14.564450263977,326,230,262,308,6.23333311080933,28.0780792236328,601.98095703125,19.2999992370605,-2.90000009536743,22.1999988555908,1.01666665077209,9.78333377838135
"692",9.581111,51.769167,7.00833320617676,14.5,-0.150000020861626,1088,115,67,14.564450263977,326,230,262,308,6.23333311080933,28.0780792236328,601.98095703125,19.2999992370605,-2.90000009536743,22.1999988555908,1.01666665077209,9.78333377838135
"693",-5.53564,36.568749,15.2749996185303,22.0666675567627,9.51666641235352,782,127,1,72.8292770385742,364,18,24,352,9.21666622161865,38.8888854980469,511.350738525391,28.7000007629395,5,23.7000007629395,10.5833330154419,21.6833343505859
"694",-5.53564,36.568749,15.2749996185303,22.0666675567627,9.51666641235352,782,127,1,72.8292770385742,364,18,24,352,9.21666622161865,38.8888854980469,511.350738525391,28.7000007629395,5,23.7000007629395,10.5833330154419,21.6833343505859
"695",-5.53564,36.568749,15.2749996185303,22.0666675567627,9.51666641235352,782,127,1,72.8292770385742,364,18,24,352,9.21666622161865,38.8888854980469,511.350738525391,28.7000007629395,5,23.7000007629395,10.5833330154419,21.6833343505859
"696",-85.610415,10.835048,25.7708339691162,26.8999996185303,25,1662,343,3,93.6068572998047,863,9,236,460,8.80833339691162,72.796142578125,75.9323348999023,32.5,20.3999996185303,12.1000003814697,25.3666667938232,25.8999996185303
"697",-83.452149,35.062273,11.6875,20.1333332061768,2.83333349227905,1847,190,127,10.1783542633057,509,414,446,481,12.9583330154419,41.4004249572754,702.068786621094,27.2000007629395,-4.09999990463257,31.3000011444092,4.06666660308838,16.8666667938232
"698",-83.452149,35.062273,11.6875,20.1333332061768,2.83333349227905,1847,190,127,10.1783542633057,509,414,446,481,12.9583330154419,41.4004249572754,702.068786621094,27.2000007629395,-4.09999990463257,31.3000011444092,4.06666660308838,16.8666667938232
"699",-83.452149,35.062273,11.6875,20.1333332061768,2.83333349227905,1847,190,127,10.1783542633057,509,414,446,481,12.9583330154419,41.4004249572754,702.068786621094,27.2000007629395,-4.09999990463257,31.3000011444092,4.06666660308838,16.8666667938232
"700",-83.452149,35.062273,11.6875,20.1333332061768,2.83333349227905,1847,190,127,10.1783542633057,509,414,446,481,12.9583330154419,41.4004249572754,702.068786621094,27.2000007629395,-4.09999990463257,31.3000011444092,4.06666660308838,16.8666667938232
"701",-83.452149,35.062273,11.6875,20.1333332061768,2.83333349227905,1847,190,127,10.1783542633057,509,414,446,481,12.9583330154419,41.4004249572754,702.068786621094,27.2000007629395,-4.09999990463257,31.3000011444092,4.06666660308838,16.8666667938232
"702",-83.452149,35.062273,11.6875,20.1333332061768,2.83333349227905,1847,190,127,10.1783542633057,509,414,446,481,12.9583330154419,41.4004249572754,702.068786621094,27.2000007629395,-4.09999990463257,31.3000011444092,4.06666660308838,16.8666667938232
"703",-83.452149,35.062273,11.6875,20.1333332061768,2.83333349227905,1847,190,127,10.1783542633057,509,414,446,481,12.9583330154419,41.4004249572754,702.068786621094,27.2000007629395,-4.09999990463257,31.3000011444092,4.06666660308838,16.8666667938232
"704",-83.452149,35.062273,11.6875,20.1333332061768,2.83333349227905,1847,190,127,10.1783542633057,509,414,446,481,12.9583330154419,41.4004249572754,702.068786621094,27.2000007629395,-4.09999990463257,31.3000011444092,4.06666660308838,16.8666667938232
"705",-83.452149,35.062273,11.6875,20.1333332061768,2.83333349227905,1847,190,127,10.1783542633057,509,414,446,481,12.9583330154419,41.4004249572754,702.068786621094,27.2000007629395,-4.09999990463257,31.3000011444092,4.06666660308838,16.8666667938232
"706",-83.452149,35.062273,11.6875,20.1333332061768,2.83333349227905,1847,190,127,10.1783542633057,509,414,446,481,12.9583330154419,41.4004249572754,702.068786621094,27.2000007629395,-4.09999990463257,31.3000011444092,4.06666660308838,16.8666667938232
"707",-83.452149,35.062273,11.6875,20.1333332061768,2.83333349227905,1847,190,127,10.1783542633057,509,414,446,481,12.9583330154419,41.4004249572754,702.068786621094,27.2000007629395,-4.09999990463257,31.3000011444092,4.06666660308838,16.8666667938232
"708",-83.452149,35.062273,11.6875,20.1333332061768,2.83333349227905,1847,190,127,10.1783542633057,509,414,446,481,12.9583330154419,41.4004249572754,702.068786621094,27.2000007629395,-4.09999990463257,31.3000011444092,4.06666660308838,16.8666667938232
"709",-83.452149,35.062273,11.6875,20.1333332061768,2.83333349227905,1847,190,127,10.1783542633057,509,414,446,481,12.9583330154419,41.4004249572754,702.068786621094,27.2000007629395,-4.09999990463257,31.3000011444092,4.06666660308838,16.8666667938232
"710",-83.452149,35.062273,11.6875,20.1333332061768,2.83333349227905,1847,190,127,10.1783542633057,509,414,446,481,12.9583330154419,41.4004249572754,702.068786621094,27.2000007629395,-4.09999990463257,31.3000011444092,4.06666660308838,16.8666667938232
"711",-83.452149,35.062273,11.6875,20.1333332061768,2.83333349227905,1847,190,127,10.1783542633057,509,414,446,481,12.9583330154419,41.4004249572754,702.068786621094,27.2000007629395,-4.09999990463257,31.3000011444092,4.06666660308838,16.8666667938232
"712",-83.452149,35.062273,11.6875,20.1333332061768,2.83333349227905,1847,190,127,10.1783542633057,509,414,446,481,12.9583330154419,41.4004249572754,702.068786621094,27.2000007629395,-4.09999990463257,31.3000011444092,4.06666660308838,16.8666667938232
"713",-83.452149,35.062273,11.6875,20.1333332061768,2.83333349227905,1847,190,127,10.1783542633057,509,414,446,481,12.9583330154419,41.4004249572754,702.068786621094,27.2000007629395,-4.09999990463257,31.3000011444092,4.06666660308838,16.8666667938232
"714",-83.452149,35.062273,11.6875,20.1333332061768,2.83333349227905,1847,190,127,10.1783542633057,509,414,446,481,12.9583330154419,41.4004249572754,702.068786621094,27.2000007629395,-4.09999990463257,31.3000011444092,4.06666660308838,16.8666667938232
"715",-83.452149,35.062273,11.6875,20.1333332061768,2.83333349227905,1847,190,127,10.1783542633057,509,414,446,481,12.9583330154419,41.4004249572754,702.068786621094,27.2000007629395,-4.09999990463257,31.3000011444092,4.06666660308838,16.8666667938232
"716",-83.452149,35.062273,11.6875,20.1333332061768,2.83333349227905,1847,190,127,10.1783542633057,509,414,446,481,12.9583330154419,41.4004249572754,702.068786621094,27.2000007629395,-4.09999990463257,31.3000011444092,4.06666660308838,16.8666667938232
"717",-83.452149,35.062273,11.6875,20.1333332061768,2.83333349227905,1847,190,127,10.1783542633057,509,414,446,481,12.9583330154419,41.4004249572754,702.068786621094,27.2000007629395,-4.09999990463257,31.3000011444092,4.06666660308838,16.8666667938232
"718",-83.452149,35.062273,11.6875,20.1333332061768,2.83333349227905,1847,190,127,10.1783542633057,509,414,446,481,12.9583330154419,41.4004249572754,702.068786621094,27.2000007629395,-4.09999990463257,31.3000011444092,4.06666660308838,16.8666667938232
"719",-83.452149,35.062273,11.6875,20.1333332061768,2.83333349227905,1847,190,127,10.1783542633057,509,414,446,481,12.9583330154419,41.4004249572754,702.068786621094,27.2000007629395,-4.09999990463257,31.3000011444092,4.06666660308838,16.8666667938232
"720",-83.452149,35.062273,11.6875,20.1333332061768,2.83333349227905,1847,190,127,10.1783542633057,509,414,446,481,12.9583330154419,41.4004249572754,702.068786621094,27.2000007629395,-4.09999990463257,31.3000011444092,4.06666660308838,16.8666667938232
"721",-83.452149,35.062273,11.6875,20.1333332061768,2.83333349227905,1847,190,127,10.1783542633057,509,414,446,481,12.9583330154419,41.4004249572754,702.068786621094,27.2000007629395,-4.09999990463257,31.3000011444092,4.06666660308838,16.8666667938232
"722",-83.452149,35.062273,11.6875,20.1333332061768,2.83333349227905,1847,190,127,10.1783542633057,509,414,446,481,12.9583330154419,41.4004249572754,702.068786621094,27.2000007629395,-4.09999990463257,31.3000011444092,4.06666660308838,16.8666667938232
"723",-83.452149,35.062273,11.6875,20.1333332061768,2.83333349227905,1847,190,127,10.1783542633057,509,414,446,481,12.9583330154419,41.4004249572754,702.068786621094,27.2000007629395,-4.09999990463257,31.3000011444092,4.06666660308838,16.8666667938232
"724",-83.452149,35.062273,11.6875,20.1333332061768,2.83333349227905,1847,190,127,10.1783542633057,509,414,446,481,12.9583330154419,41.4004249572754,702.068786621094,27.2000007629395,-4.09999990463257,31.3000011444092,4.06666660308838,16.8666667938232
"725",-83.452149,35.062273,11.6875,20.1333332061768,2.83333349227905,1847,190,127,10.1783542633057,509,414,446,481,12.9583330154419,41.4004249572754,702.068786621094,27.2000007629395,-4.09999990463257,31.3000011444092,4.06666660308838,16.8666667938232
"726",-83.452149,35.062273,11.6875,20.1333332061768,2.83333349227905,1847,190,127,10.1783542633057,509,414,446,481,12.9583330154419,41.4004249572754,702.068786621094,27.2000007629395,-4.09999990463257,31.3000011444092,4.06666660308838,16.8666667938232
"727",-83.452149,35.062273,11.6875,20.1333332061768,2.83333349227905,1847,190,127,10.1783542633057,509,414,446,481,12.9583330154419,41.4004249572754,702.068786621094,27.2000007629395,-4.09999990463257,31.3000011444092,4.06666660308838,16.8666667938232
"728",-83.452149,35.062273,11.6875,20.1333332061768,2.83333349227905,1847,190,127,10.1783542633057,509,414,446,481,12.9583330154419,41.4004249572754,702.068786621094,27.2000007629395,-4.09999990463257,31.3000011444092,4.06666660308838,16.8666667938232
"729",-83.452149,35.062273,11.6875,20.1333332061768,2.83333349227905,1847,190,127,10.1783542633057,509,414,446,481,12.9583330154419,41.4004249572754,702.068786621094,27.2000007629395,-4.09999990463257,31.3000011444092,4.06666660308838,16.8666667938232
"730",-83.452149,35.062273,11.6875,20.1333332061768,2.83333349227905,1847,190,127,10.1783542633057,509,414,446,481,12.9583330154419,41.4004249572754,702.068786621094,27.2000007629395,-4.09999990463257,31.3000011444092,4.06666660308838,16.8666667938232
"731",-83.452149,35.062273,11.6875,20.1333332061768,2.83333349227905,1847,190,127,10.1783542633057,509,414,446,481,12.9583330154419,41.4004249572754,702.068786621094,27.2000007629395,-4.09999990463257,31.3000011444092,4.06666660308838,16.8666667938232
"732",-83.452149,35.062273,11.6875,20.1333332061768,2.83333349227905,1847,190,127,10.1783542633057,509,414,446,481,12.9583330154419,41.4004249572754,702.068786621094,27.2000007629395,-4.09999990463257,31.3000011444092,4.06666660308838,16.8666667938232
"733",-83.452149,35.062273,11.6875,20.1333332061768,2.83333349227905,1847,190,127,10.1783542633057,509,414,446,481,12.9583330154419,41.4004249572754,702.068786621094,27.2000007629395,-4.09999990463257,31.3000011444092,4.06666660308838,16.8666667938232
"734",-83.452149,35.062273,11.6875,20.1333332061768,2.83333349227905,1847,190,127,10.1783542633057,509,414,446,481,12.9583330154419,41.4004249572754,702.068786621094,27.2000007629395,-4.09999990463257,31.3000011444092,4.06666660308838,16.8666667938232
"735",-83.452149,35.062273,11.6875,20.1333332061768,2.83333349227905,1847,190,127,10.1783542633057,509,414,446,481,12.9583330154419,41.4004249572754,702.068786621094,27.2000007629395,-4.09999990463257,31.3000011444092,4.06666660308838,16.8666667938232
"736",-83.452149,35.062273,11.6875,20.1333332061768,2.83333349227905,1847,190,127,10.1783542633057,509,414,446,481,12.9583330154419,41.4004249572754,702.068786621094,27.2000007629395,-4.09999990463257,31.3000011444092,4.06666660308838,16.8666667938232
"737",-83.452149,35.062273,11.6875,20.1333332061768,2.83333349227905,1847,190,127,10.1783542633057,509,414,446,481,12.9583330154419,41.4004249572754,702.068786621094,27.2000007629395,-4.09999990463257,31.3000011444092,4.06666660308838,16.8666667938232
"738",-83.452149,35.062273,11.6875,20.1333332061768,2.83333349227905,1847,190,127,10.1783542633057,509,414,446,481,12.9583330154419,41.4004249572754,702.068786621094,27.2000007629395,-4.09999990463257,31.3000011444092,4.06666660308838,16.8666667938232
"739",-83.452149,35.062273,11.6875,20.1333332061768,2.83333349227905,1847,190,127,10.1783542633057,509,414,446,481,12.9583330154419,41.4004249572754,702.068786621094,27.2000007629395,-4.09999990463257,31.3000011444092,4.06666660308838,16.8666667938232
"740",-83.452149,35.062273,11.6875,20.1333332061768,2.83333349227905,1847,190,127,10.1783542633057,509,414,446,481,12.9583330154419,41.4004249572754,702.068786621094,27.2000007629395,-4.09999990463257,31.3000011444092,4.06666660308838,16.8666667938232
"741",-83.452149,35.062273,11.6875,20.1333332061768,2.83333349227905,1847,190,127,10.1783542633057,509,414,446,481,12.9583330154419,41.4004249572754,702.068786621094,27.2000007629395,-4.09999990463257,31.3000011444092,4.06666660308838,16.8666667938232
"742",-83.452149,35.062273,11.6875,20.1333332061768,2.83333349227905,1847,190,127,10.1783542633057,509,414,446,481,12.9583330154419,41.4004249572754,702.068786621094,27.2000007629395,-4.09999990463257,31.3000011444092,4.06666660308838,16.8666667938232
"743",-83.452149,35.062273,11.6875,20.1333332061768,2.83333349227905,1847,190,127,10.1783542633057,509,414,446,481,12.9583330154419,41.4004249572754,702.068786621094,27.2000007629395,-4.09999990463257,31.3000011444092,4.06666660308838,16.8666667938232
"744",-83.452149,35.062273,11.6875,20.1333332061768,2.83333349227905,1847,190,127,10.1783542633057,509,414,446,481,12.9583330154419,41.4004249572754,702.068786621094,27.2000007629395,-4.09999990463257,31.3000011444092,4.06666660308838,16.8666667938232
"745",-83.452149,35.062273,11.6875,20.1333332061768,2.83333349227905,1847,190,127,10.1783542633057,509,414,446,481,12.9583330154419,41.4004249572754,702.068786621094,27.2000007629395,-4.09999990463257,31.3000011444092,4.06666660308838,16.8666667938232
"746",-83.452149,35.062273,11.6875,20.1333332061768,2.83333349227905,1847,190,127,10.1783542633057,509,414,446,481,12.9583330154419,41.4004249572754,702.068786621094,27.2000007629395,-4.09999990463257,31.3000011444092,4.06666660308838,16.8666667938232
"747",-83.452149,35.062273,11.6875,20.1333332061768,2.83333349227905,1847,190,127,10.1783542633057,509,414,446,481,12.9583330154419,41.4004249572754,702.068786621094,27.2000007629395,-4.09999990463257,31.3000011444092,4.06666660308838,16.8666667938232
"748",-83.452149,35.062273,11.6875,20.1333332061768,2.83333349227905,1847,190,127,10.1783542633057,509,414,446,481,12.9583330154419,41.4004249572754,702.068786621094,27.2000007629395,-4.09999990463257,31.3000011444092,4.06666660308838,16.8666667938232
"749",-83.452149,35.062273,11.6875,20.1333332061768,2.83333349227905,1847,190,127,10.1783542633057,509,414,446,481,12.9583330154419,41.4004249572754,702.068786621094,27.2000007629395,-4.09999990463257,31.3000011444092,4.06666660308838,16.8666667938232
"750",-83.452149,35.062273,11.6875,20.1333332061768,2.83333349227905,1847,190,127,10.1783542633057,509,414,446,481,12.9583330154419,41.4004249572754,702.068786621094,27.2000007629395,-4.09999990463257,31.3000011444092,4.06666660308838,16.8666667938232
"751",-83.452149,35.062273,11.6875,20.1333332061768,2.83333349227905,1847,190,127,10.1783542633057,509,414,446,481,12.9583330154419,41.4004249572754,702.068786621094,27.2000007629395,-4.09999990463257,31.3000011444092,4.06666660308838,16.8666667938232
"752",-83.452149,35.062273,11.6875,20.1333332061768,2.83333349227905,1847,190,127,10.1783542633057,509,414,446,481,12.9583330154419,41.4004249572754,702.068786621094,27.2000007629395,-4.09999990463257,31.3000011444092,4.06666660308838,16.8666667938232
"753",-83.452149,35.062273,11.6875,20.1333332061768,2.83333349227905,1847,190,127,10.1783542633057,509,414,446,481,12.9583330154419,41.4004249572754,702.068786621094,27.2000007629395,-4.09999990463257,31.3000011444092,4.06666660308838,16.8666667938232
"754",-83.452149,35.062273,11.6875,20.1333332061768,2.83333349227905,1847,190,127,10.1783542633057,509,414,446,481,12.9583330154419,41.4004249572754,702.068786621094,27.2000007629395,-4.09999990463257,31.3000011444092,4.06666660308838,16.8666667938232
"755",-83.452149,35.062273,11.6875,20.1333332061768,2.83333349227905,1847,190,127,10.1783542633057,509,414,446,481,12.9583330154419,41.4004249572754,702.068786621094,27.2000007629395,-4.09999990463257,31.3000011444092,4.06666660308838,16.8666667938232
"756",-83.452149,35.062273,11.6875,20.1333332061768,2.83333349227905,1847,190,127,10.1783542633057,509,414,446,481,12.9583330154419,41.4004249572754,702.068786621094,27.2000007629395,-4.09999990463257,31.3000011444092,4.06666660308838,16.8666667938232
"757",-83.452149,35.062273,11.6875,20.1333332061768,2.83333349227905,1847,190,127,10.1783542633057,509,414,446,481,12.9583330154419,41.4004249572754,702.068786621094,27.2000007629395,-4.09999990463257,31.3000011444092,4.06666660308838,16.8666667938232
"758",-83.452149,35.062273,11.6875,20.1333332061768,2.83333349227905,1847,190,127,10.1783542633057,509,414,446,481,12.9583330154419,41.4004249572754,702.068786621094,27.2000007629395,-4.09999990463257,31.3000011444092,4.06666660308838,16.8666667938232
"759",-83.452149,35.062273,11.6875,20.1333332061768,2.83333349227905,1847,190,127,10.1783542633057,509,414,446,481,12.9583330154419,41.4004249572754,702.068786621094,27.2000007629395,-4.09999990463257,31.3000011444092,4.06666660308838,16.8666667938232
"760",-83.452149,35.062273,11.6875,20.1333332061768,2.83333349227905,1847,190,127,10.1783542633057,509,414,446,481,12.9583330154419,41.4004249572754,702.068786621094,27.2000007629395,-4.09999990463257,31.3000011444092,4.06666660308838,16.8666667938232
"761",-83.452149,35.062273,11.6875,20.1333332061768,2.83333349227905,1847,190,127,10.1783542633057,509,414,446,481,12.9583330154419,41.4004249572754,702.068786621094,27.2000007629395,-4.09999990463257,31.3000011444092,4.06666660308838,16.8666667938232
"762",-83.452149,35.062273,11.6875,20.1333332061768,2.83333349227905,1847,190,127,10.1783542633057,509,414,446,481,12.9583330154419,41.4004249572754,702.068786621094,27.2000007629395,-4.09999990463257,31.3000011444092,4.06666660308838,16.8666667938232
"763",-83.452149,35.062273,11.6875,20.1333332061768,2.83333349227905,1847,190,127,10.1783542633057,509,414,446,481,12.9583330154419,41.4004249572754,702.068786621094,27.2000007629395,-4.09999990463257,31.3000011444092,4.06666660308838,16.8666667938232
"764",-83.452149,35.062273,11.6875,20.1333332061768,2.83333349227905,1847,190,127,10.1783542633057,509,414,446,481,12.9583330154419,41.4004249572754,702.068786621094,27.2000007629395,-4.09999990463257,31.3000011444092,4.06666660308838,16.8666667938232
"765",-83.452149,35.062273,11.6875,20.1333332061768,2.83333349227905,1847,190,127,10.1783542633057,509,414,446,481,12.9583330154419,41.4004249572754,702.068786621094,27.2000007629395,-4.09999990463257,31.3000011444092,4.06666660308838,16.8666667938232
"766",-83.452149,35.062273,11.6875,20.1333332061768,2.83333349227905,1847,190,127,10.1783542633057,509,414,446,481,12.9583330154419,41.4004249572754,702.068786621094,27.2000007629395,-4.09999990463257,31.3000011444092,4.06666660308838,16.8666667938232
"767",-83.452149,35.062273,11.6875,20.1333332061768,2.83333349227905,1847,190,127,10.1783542633057,509,414,446,481,12.9583330154419,41.4004249572754,702.068786621094,27.2000007629395,-4.09999990463257,31.3000011444092,4.06666660308838,16.8666667938232
"768",-83.452149,35.062273,11.6875,20.1333332061768,2.83333349227905,1847,190,127,10.1783542633057,509,414,446,481,12.9583330154419,41.4004249572754,702.068786621094,27.2000007629395,-4.09999990463257,31.3000011444092,4.06666660308838,16.8666667938232
"769",-83.452149,35.062273,11.6875,20.1333332061768,2.83333349227905,1847,190,127,10.1783542633057,509,414,446,481,12.9583330154419,41.4004249572754,702.068786621094,27.2000007629395,-4.09999990463257,31.3000011444092,4.06666660308838,16.8666667938232
"770",-83.452149,35.062273,11.6875,20.1333332061768,2.83333349227905,1847,190,127,10.1783542633057,509,414,446,481,12.9583330154419,41.4004249572754,702.068786621094,27.2000007629395,-4.09999990463257,31.3000011444092,4.06666660308838,16.8666667938232
"771",-83.452149,35.062273,11.6875,20.1333332061768,2.83333349227905,1847,190,127,10.1783542633057,509,414,446,481,12.9583330154419,41.4004249572754,702.068786621094,27.2000007629395,-4.09999990463257,31.3000011444092,4.06666660308838,16.8666667938232
"772",-83.452149,35.062273,11.6875,20.1333332061768,2.83333349227905,1847,190,127,10.1783542633057,509,414,446,481,12.9583330154419,41.4004249572754,702.068786621094,27.2000007629395,-4.09999990463257,31.3000011444092,4.06666660308838,16.8666667938232
"773",-83.452149,35.062273,11.6875,20.1333332061768,2.83333349227905,1847,190,127,10.1783542633057,509,414,446,481,12.9583330154419,41.4004249572754,702.068786621094,27.2000007629395,-4.09999990463257,31.3000011444092,4.06666660308838,16.8666667938232
"774",-83.452149,35.062273,11.6875,20.1333332061768,2.83333349227905,1847,190,127,10.1783542633057,509,414,446,481,12.9583330154419,41.4004249572754,702.068786621094,27.2000007629395,-4.09999990463257,31.3000011444092,4.06666660308838,16.8666667938232
"775",-83.452149,35.062273,11.6875,20.1333332061768,2.83333349227905,1847,190,127,10.1783542633057,509,414,446,481,12.9583330154419,41.4004249572754,702.068786621094,27.2000007629395,-4.09999990463257,31.3000011444092,4.06666660308838,16.8666667938232
"776",-83.452149,35.062273,11.6875,20.1333332061768,2.83333349227905,1847,190,127,10.1783542633057,509,414,446,481,12.9583330154419,41.4004249572754,702.068786621094,27.2000007629395,-4.09999990463257,31.3000011444092,4.06666660308838,16.8666667938232
"777",-83.452149,35.062273,11.6875,20.1333332061768,2.83333349227905,1847,190,127,10.1783542633057,509,414,446,481,12.9583330154419,41.4004249572754,702.068786621094,27.2000007629395,-4.09999990463257,31.3000011444092,4.06666660308838,16.8666667938232
"778",-83.452149,35.062273,11.6875,20.1333332061768,2.83333349227905,1847,190,127,10.1783542633057,509,414,446,481,12.9583330154419,41.4004249572754,702.068786621094,27.2000007629395,-4.09999990463257,31.3000011444092,4.06666660308838,16.8666667938232
"779",-83.452149,35.062273,11.6875,20.1333332061768,2.83333349227905,1847,190,127,10.1783542633057,509,414,446,481,12.9583330154419,41.4004249572754,702.068786621094,27.2000007629395,-4.09999990463257,31.3000011444092,4.06666660308838,16.8666667938232
"780",-83.452149,35.062273,11.6875,20.1333332061768,2.83333349227905,1847,190,127,10.1783542633057,509,414,446,481,12.9583330154419,41.4004249572754,702.068786621094,27.2000007629395,-4.09999990463257,31.3000011444092,4.06666660308838,16.8666667938232
"781",-83.452149,35.062273,11.6875,20.1333332061768,2.83333349227905,1847,190,127,10.1783542633057,509,414,446,481,12.9583330154419,41.4004249572754,702.068786621094,27.2000007629395,-4.09999990463257,31.3000011444092,4.06666660308838,16.8666667938232
"782",-83.452149,35.062273,11.6875,20.1333332061768,2.83333349227905,1847,190,127,10.1783542633057,509,414,446,481,12.9583330154419,41.4004249572754,702.068786621094,27.2000007629395,-4.09999990463257,31.3000011444092,4.06666660308838,16.8666667938232
"783",-83.452149,35.062273,11.6875,20.1333332061768,2.83333349227905,1847,190,127,10.1783542633057,509,414,446,481,12.9583330154419,41.4004249572754,702.068786621094,27.2000007629395,-4.09999990463257,31.3000011444092,4.06666660308838,16.8666667938232
"784",-83.452149,35.062273,11.6875,20.1333332061768,2.83333349227905,1847,190,127,10.1783542633057,509,414,446,481,12.9583330154419,41.4004249572754,702.068786621094,27.2000007629395,-4.09999990463257,31.3000011444092,4.06666660308838,16.8666667938232
"785",-83.452149,35.062273,11.6875,20.1333332061768,2.83333349227905,1847,190,127,10.1783542633057,509,414,446,481,12.9583330154419,41.4004249572754,702.068786621094,27.2000007629395,-4.09999990463257,31.3000011444092,4.06666660308838,16.8666667938232
"786",-83.452149,35.062273,11.6875,20.1333332061768,2.83333349227905,1847,190,127,10.1783542633057,509,414,446,481,12.9583330154419,41.4004249572754,702.068786621094,27.2000007629395,-4.09999990463257,31.3000011444092,4.06666660308838,16.8666667938232
"787",-83.452149,35.062273,11.6875,20.1333332061768,2.83333349227905,1847,190,127,10.1783542633057,509,414,446,481,12.9583330154419,41.4004249572754,702.068786621094,27.2000007629395,-4.09999990463257,31.3000011444092,4.06666660308838,16.8666667938232
"788",-83.452149,35.062273,11.6875,20.1333332061768,2.83333349227905,1847,190,127,10.1783542633057,509,414,446,481,12.9583330154419,41.4004249572754,702.068786621094,27.2000007629395,-4.09999990463257,31.3000011444092,4.06666660308838,16.8666667938232
"789",-83.452149,35.062273,11.6875,20.1333332061768,2.83333349227905,1847,190,127,10.1783542633057,509,414,446,481,12.9583330154419,41.4004249572754,702.068786621094,27.2000007629395,-4.09999990463257,31.3000011444092,4.06666660308838,16.8666667938232
"790",-83.452149,35.062273,11.6875,20.1333332061768,2.83333349227905,1847,190,127,10.1783542633057,509,414,446,481,12.9583330154419,41.4004249572754,702.068786621094,27.2000007629395,-4.09999990463257,31.3000011444092,4.06666660308838,16.8666667938232
"791",-83.452149,35.062273,11.6875,20.1333332061768,2.83333349227905,1847,190,127,10.1783542633057,509,414,446,481,12.9583330154419,41.4004249572754,702.068786621094,27.2000007629395,-4.09999990463257,31.3000011444092,4.06666660308838,16.8666667938232
"792",-83.452149,35.062273,11.6875,20.1333332061768,2.83333349227905,1847,190,127,10.1783542633057,509,414,446,481,12.9583330154419,41.4004249572754,702.068786621094,27.2000007629395,-4.09999990463257,31.3000011444092,4.06666660308838,16.8666667938232
"793",-83.452149,35.062273,11.6875,20.1333332061768,2.83333349227905,1847,190,127,10.1783542633057,509,414,446,481,12.9583330154419,41.4004249572754,702.068786621094,27.2000007629395,-4.09999990463257,31.3000011444092,4.06666660308838,16.8666667938232
"794",-83.452149,35.062273,11.6875,20.1333332061768,2.83333349227905,1847,190,127,10.1783542633057,509,414,446,481,12.9583330154419,41.4004249572754,702.068786621094,27.2000007629395,-4.09999990463257,31.3000011444092,4.06666660308838,16.8666667938232
"795",-83.452149,35.062273,11.6875,20.1333332061768,2.83333349227905,1847,190,127,10.1783542633057,509,414,446,481,12.9583330154419,41.4004249572754,702.068786621094,27.2000007629395,-4.09999990463257,31.3000011444092,4.06666660308838,16.8666667938232
"796",-83.452149,35.062273,11.6875,20.1333332061768,2.83333349227905,1847,190,127,10.1783542633057,509,414,446,481,12.9583330154419,41.4004249572754,702.068786621094,27.2000007629395,-4.09999990463257,31.3000011444092,4.06666660308838,16.8666667938232
"797",-83.452149,35.062273,11.6875,20.1333332061768,2.83333349227905,1847,190,127,10.1783542633057,509,414,446,481,12.9583330154419,41.4004249572754,702.068786621094,27.2000007629395,-4.09999990463257,31.3000011444092,4.06666660308838,16.8666667938232
"798",-83.452149,35.062273,11.6875,20.1333332061768,2.83333349227905,1847,190,127,10.1783542633057,509,414,446,481,12.9583330154419,41.4004249572754,702.068786621094,27.2000007629395,-4.09999990463257,31.3000011444092,4.06666660308838,16.8666667938232
"799",-83.452149,35.062273,11.6875,20.1333332061768,2.83333349227905,1847,190,127,10.1783542633057,509,414,446,481,12.9583330154419,41.4004249572754,702.068786621094,27.2000007629395,-4.09999990463257,31.3000011444092,4.06666660308838,16.8666667938232
"800",-83.452149,35.062273,11.6875,20.1333332061768,2.83333349227905,1847,190,127,10.1783542633057,509,414,446,481,12.9583330154419,41.4004249572754,702.068786621094,27.2000007629395,-4.09999990463257,31.3000011444092,4.06666660308838,16.8666667938232
"801",-83.452149,35.062273,11.6875,20.1333332061768,2.83333349227905,1847,190,127,10.1783542633057,509,414,446,481,12.9583330154419,41.4004249572754,702.068786621094,27.2000007629395,-4.09999990463257,31.3000011444092,4.06666660308838,16.8666667938232
"802",-83.452149,35.062273,11.6875,20.1333332061768,2.83333349227905,1847,190,127,10.1783542633057,509,414,446,481,12.9583330154419,41.4004249572754,702.068786621094,27.2000007629395,-4.09999990463257,31.3000011444092,4.06666660308838,16.8666667938232
"803",-83.452149,35.062273,11.6875,20.1333332061768,2.83333349227905,1847,190,127,10.1783542633057,509,414,446,481,12.9583330154419,41.4004249572754,702.068786621094,27.2000007629395,-4.09999990463257,31.3000011444092,4.06666660308838,16.8666667938232
"804",-83.452149,35.062273,11.6875,20.1333332061768,2.83333349227905,1847,190,127,10.1783542633057,509,414,446,481,12.9583330154419,41.4004249572754,702.068786621094,27.2000007629395,-4.09999990463257,31.3000011444092,4.06666660308838,16.8666667938232
"805",-83.452149,35.062273,11.6875,20.1333332061768,2.83333349227905,1847,190,127,10.1783542633057,509,414,446,481,12.9583330154419,41.4004249572754,702.068786621094,27.2000007629395,-4.09999990463257,31.3000011444092,4.06666660308838,16.8666667938232
"806",-83.452149,35.062273,11.6875,20.1333332061768,2.83333349227905,1847,190,127,10.1783542633057,509,414,446,481,12.9583330154419,41.4004249572754,702.068786621094,27.2000007629395,-4.09999990463257,31.3000011444092,4.06666660308838,16.8666667938232
"807",-83.452149,35.062273,11.6875,20.1333332061768,2.83333349227905,1847,190,127,10.1783542633057,509,414,446,481,12.9583330154419,41.4004249572754,702.068786621094,27.2000007629395,-4.09999990463257,31.3000011444092,4.06666660308838,16.8666667938232
"808",-83.452149,35.062273,11.6875,20.1333332061768,2.83333349227905,1847,190,127,10.1783542633057,509,414,446,481,12.9583330154419,41.4004249572754,702.068786621094,27.2000007629395,-4.09999990463257,31.3000011444092,4.06666660308838,16.8666667938232
"809",-83.452149,35.062273,11.6875,20.1333332061768,2.83333349227905,1847,190,127,10.1783542633057,509,414,446,481,12.9583330154419,41.4004249572754,702.068786621094,27.2000007629395,-4.09999990463257,31.3000011444092,4.06666660308838,16.8666667938232
"810",-83.452149,35.062273,11.6875,20.1333332061768,2.83333349227905,1847,190,127,10.1783542633057,509,414,446,481,12.9583330154419,41.4004249572754,702.068786621094,27.2000007629395,-4.09999990463257,31.3000011444092,4.06666660308838,16.8666667938232
"811",-83.452149,35.062273,11.6875,20.1333332061768,2.83333349227905,1847,190,127,10.1783542633057,509,414,446,481,12.9583330154419,41.4004249572754,702.068786621094,27.2000007629395,-4.09999990463257,31.3000011444092,4.06666660308838,16.8666667938232
"812",-83.452149,35.062273,11.6875,20.1333332061768,2.83333349227905,1847,190,127,10.1783542633057,509,414,446,481,12.9583330154419,41.4004249572754,702.068786621094,27.2000007629395,-4.09999990463257,31.3000011444092,4.06666660308838,16.8666667938232
"813",-83.452149,35.062273,11.6875,20.1333332061768,2.83333349227905,1847,190,127,10.1783542633057,509,414,446,481,12.9583330154419,41.4004249572754,702.068786621094,27.2000007629395,-4.09999990463257,31.3000011444092,4.06666660308838,16.8666667938232
"814",-83.452149,35.062273,11.6875,20.1333332061768,2.83333349227905,1847,190,127,10.1783542633057,509,414,446,481,12.9583330154419,41.4004249572754,702.068786621094,27.2000007629395,-4.09999990463257,31.3000011444092,4.06666660308838,16.8666667938232
"815",-83.452149,35.062273,11.6875,20.1333332061768,2.83333349227905,1847,190,127,10.1783542633057,509,414,446,481,12.9583330154419,41.4004249572754,702.068786621094,27.2000007629395,-4.09999990463257,31.3000011444092,4.06666660308838,16.8666667938232
"816",-83.452149,35.062273,11.6875,20.1333332061768,2.83333349227905,1847,190,127,10.1783542633057,509,414,446,481,12.9583330154419,41.4004249572754,702.068786621094,27.2000007629395,-4.09999990463257,31.3000011444092,4.06666660308838,16.8666667938232
"817",-83.452149,35.062273,11.6875,20.1333332061768,2.83333349227905,1847,190,127,10.1783542633057,509,414,446,481,12.9583330154419,41.4004249572754,702.068786621094,27.2000007629395,-4.09999990463257,31.3000011444092,4.06666660308838,16.8666667938232
"818",-83.452149,35.062273,11.6875,20.1333332061768,2.83333349227905,1847,190,127,10.1783542633057,509,414,446,481,12.9583330154419,41.4004249572754,702.068786621094,27.2000007629395,-4.09999990463257,31.3000011444092,4.06666660308838,16.8666667938232
"819",-83.452149,35.062273,11.6875,20.1333332061768,2.83333349227905,1847,190,127,10.1783542633057,509,414,446,481,12.9583330154419,41.4004249572754,702.068786621094,27.2000007629395,-4.09999990463257,31.3000011444092,4.06666660308838,16.8666667938232
"820",-83.452149,35.062273,11.6875,20.1333332061768,2.83333349227905,1847,190,127,10.1783542633057,509,414,446,481,12.9583330154419,41.4004249572754,702.068786621094,27.2000007629395,-4.09999990463257,31.3000011444092,4.06666660308838,16.8666667938232
"821",-83.452149,35.062273,11.6875,20.1333332061768,2.83333349227905,1847,190,127,10.1783542633057,509,414,446,481,12.9583330154419,41.4004249572754,702.068786621094,27.2000007629395,-4.09999990463257,31.3000011444092,4.06666660308838,16.8666667938232
"822",-83.452149,35.062273,11.6875,20.1333332061768,2.83333349227905,1847,190,127,10.1783542633057,509,414,446,481,12.9583330154419,41.4004249572754,702.068786621094,27.2000007629395,-4.09999990463257,31.3000011444092,4.06666660308838,16.8666667938232
